번호,제목,시간
1,"“이번 한번만 더 믿는다”…상처만 받았던 개미들, 삼성전자 다시 한번 ‘사자’",2025-05-30
2,'금리 인하기'에 매매 차익+절세 효과…개미들 꽂힌 투자 상품 있다는데,2025-05-30
3,"""경기 좋은데 적자 크다""…들썩이는 '美국채' 세가지 이유",2025-05-30
4,“부자의 기준은 ‘이것’ 있는 사람과 없는 사람”...비트코인 황제가 말하는 미래,2025-05-30
5,원전·밸류업 '훈풍' 타고…그룹 시총 7위 오른 진격의 두산,2025-05-30
6,"한국판 MSTR?…비트코인 매집한 비트맥스, 한달새 100% 폭등",2025-05-30
7,"""상용화 빨라질 것""…양자컴 ETF 고공행진",2025-05-30
8,"""하반기 3000피"" 장밋빛 전망에…'빚투' 두달만에 18조 돌파",2025-05-30
9,"AI 퀀트 투자, 개미도 할 수 있다[부꾸미]",2025-05-30
10,"""비트코인 가진 사람과 외면한 사람, 富격차 엄청나게 벌어질것""",2025-05-30
11,"스테이블 코인 테더 ""비트코인 채굴할 것 인프라 20억불 투자""",2025-05-30
12,고공행진 金…ETF 선택지도 늘어난다,2025-05-30
13,"30억 이상 슈퍼리치 픽은 '알·테·핑'…""단타보다 장투 선호""",2025-05-30
14,"GC지놈, 일반청약 경쟁률 484대 1…증거금 2.5조 모아",2025-05-30
15,"하반기도 코인 뜨거울까… NH증권 ""솔라나·리플 현물 ETF 승인 예상""",2025-05-30
16,"변압기 강자 파워맥스, 신생 운용사 테넷EP 품으로…몸값 2000억",2025-05-30
17,"10X 리서치 설립자 ""앞으로도 비트코인이 가상자산 주도할 것"" 전망",2025-05-30
18,위믹스 결국 상장폐지…내달 2일 거래중단,2025-05-30
19,개미 눈물의 물타기…외국인 주도주 불타기,2025-05-30
20,"웰컴백 외국인, 10개월 만에 돌아오셨네요!…코스피서 5월 1.1조 순매수 [투자360]",2025-05-30
21,"SEC, 스테이킹 보상 포함 암호화폐 ETF 제동…“ETF 자격 불확실”",2025-06-02
22,'BTS 대 방시혁' 누가 더 세나...5거래일만에 반등한 하이브 주가,2025-06-02
23,"트럼프, 철강 콕찍어 추가관세 현대제철·포스코 울고 싶어라",2025-06-02
24,"묻지마 대선 테마주, 그 끝은 폭락",2025-06-02
25,'이재명·김문수' 누가 되든 오른다?…지금 주목해야할 종목들,2025-06-02
26,美증시 살아나는데…'배당 ETF 개미' 눈물,2025-06-02
27,"입지 흔들리는 MBK, 한국 시장 투자 축소하나",2025-06-02
28,"""허니문 랠리 온다"" 증권·신재생株 주목",2025-06-02
29,반도체 ETF '짭짤'   한달 수익률 5%대,2025-06-02
30,李·金 테마주 급락 '대선 약발' 끝났다 [이런국장 저런주식],2025-06-02
31,대선 끝나도 날아오른다...돈 몰리는 K 고배당 ETF,2025-06-02
32,트럼프 관세 변덕에도 국내 증시 전망은 밝다[투자의 창],2025-06-02
33,거래대금 100조 앞둔 넥스트레이드… 올해 2차 오픈 가능할까,2025-06-02
34,"누가 되든 오른다...""AI 소프트기업 수혜""",2025-06-02
35,대선 D-1…원·달러 환율 다시 1380원선 아래로 [김혜란의 FX],2025-06-02
36,트럼프發 불확실성에…따로 노는 달러-국채금리,2025-06-02
37,돌아온 양자컴퓨터…깜짝 실적에 수익률도 '훨훨'[ETF워치],2025-06-02
38,"에이비온, 블록버스터약물 '키트루다'와 병용 가능성 ASCO서 제시",2025-06-02
39,'대선 D-1' 정책수혜주 들썩…李 지역화폐·AI 등 상승[핫종목],2025-06-02
40,막 내리는 대선…정치 테마株 ‘급락 주의보’,2025-06-02
41,자칭 개미 대통령 탄생에 ‘허니문 랠리’…코스피 2.66% 올라,2025-06-04
42,"이 대통령 자본시장 공약 '기폭제'… 미래에셋증권, 시총 10조 돌파",2025-06-04
43,이러다 정말 '오천피' 일내나…외국인 1조 넘게 '싹쓸이',2025-06-04
44,"상한가 찍은 코나아이, 지역화폐株 동반 급등",2025-06-04
45,‘정책 수혜’ 증권·지주사株 불기둥…外人 현·선물 1.5조 쓸어담아,2025-06-04
46,"'테마형 강자' 신한·한화운용, ETF 시장서 약진",2025-06-04
47,상법 개정 급물살…'자율 밸류업' 가고 '강제 부스트업' 온다,2025-06-04
48,"""단타로 반 토막 난 시드""…회복은 '안정적인 배당주 투자'로 [영앤리치 상담소]",2025-06-04
49,美中 해빙무드에…엔비디아 시총 1위 귀환,2025-06-04
50,"""李정부 수혜주는 나""…증권·AI·신재생株 '반짝'",2025-06-04
51,로봇 진출하는 반도체 장비…2차전지는 반도체 도전,2025-06-04
52,"트럼프의 복수세, '셀 아메리카' 부추긴다",2025-06-04
53,"미래에셋증권, 시총 10조 돌파…‘코스피 5000’ 기대감에 매수세 집중",2025-06-04
54,신고가 뚫었는데…은행주 또 쓸어담는 외국인[주톡피아],2025-06-04
55,"""새 정부 출범에 증시도 기대""…코스피 10개월 만에 최고치 경신(종합)",2025-06-04
56,‘코스피 5000’ 정책 드라이브에 ‘허니문 효과’까지…단숨에 3000피 갈까,2025-06-04
57,미·중 훈풍에 새정부 기대감 UP…반도체株 상승 탄력 커지나[살까팔까],2025-06-04
58,"신정부 확장재정 공포에 휩싸인 국채시장…30년물, 13bp 급등(종합)",2025-06-04
59,"질주하는 증시에 펩트론, 나홀로 ‘울상’…하한가 기록 [종목Pick]",2025-06-04
60,"""1호 공약 반도체 지원""…이재명 당선에 SK하이닉스 5%대 강세[핫종목]",2025-06-04
61,"KCGI, 한양증권 인수 눈앞에…세무조사 종료 [시그널]",2025-06-05
62,예탁금 60조·ETF 200조 돌파… 증시로 물 들어온다 [이재명 대통령 시대 증시 '허니문 랠리'],2025-06-05
63,"40조 팔았던 외국인, 2.2조 샀다...5천피 ‘시동’",2025-06-05
64,세계 2위 스테이블코인 발행사 '서클' 뉴욕증시 상장,2025-06-05
65,'정책 수혜' 지주사·증권주 불꽃상승… ETF로 뭉칫돈,2025-06-05
66,'이재명 랠리'…코스피 2800 뚫었다,2025-06-05
67,방망이 짧게 잡은 개미들…초단기채로 뭉칫돈 '파킹',2025-06-05
68,"""이제는 국민 재테크 수단""…ETF, 2년새 2배 폭발 성장 [ETF 순자산 200조 시대]",2025-06-05
69,26兆 체코원전 최종 계약에 원전株 날았다,2025-06-05
70,바이오팜 분할에 삼양홀딩스 급등,2025-06-05
71,"주주친화 기대에 '바이 코리아'…외국인, 이틀새 2조 쓸어담았다",2025-06-05
72,그렇게 줄줄이 팔더니…'1조2000억 줍줍' 외인 무섭게 산다,2025-06-05
73,'허니문 랠리' 코스피 2800 돌파…외국인 이틀간 2조 쓸어담았다,2025-06-05
74,"“이재명 시대, 배터리시장 판을 바꿀 BESS를 주목하라!”[머니코드]",2025-06-05
75,연이틀 '이재명 랠리'…코스피 11개월 만에 2810선 돌파,2025-06-05
76,ETF 200조 시대 … 투자금 더 빨아들인다,2025-06-05
77,이재명 대통령이 산 코스피 ETF 5일 만에 5% 쑥,2025-06-05
78,美 대체시장으로 '급부상'…'큰손' 투자자들 비중 '확대',2025-06-05
79,"""언제 이렇게 올랐대""…3년 만에 '황제주' 탈환한 태광산업 [이런국장 저런주식]",2025-06-05
80,예탁금 60조·ETF 200조... '새 정부 랠리’에 투심도 불붙었다,2025-06-05
81,트럼프-머스크 싸우자 암호화폐 시장 '휘청'...이더리움 7% '뚝',2025-06-06
82,美증시 흔들고 비트코인 급락…트럼프-머스크 ‘파탄 충격’ 어마어마하네,2025-06-06
83,?선거 영향은 일시적…핵심은 경제와 기업 경쟁력 회복[마켓칼럼],2025-06-06
84,"이재명 시대 개막…정권교체 시기, 돈 되는 투자 전략도 바뀐다",2025-06-06
85,300조 시대 열려면…과도한 경쟁 지양·ETF 세제 정비 필요,2025-06-06
86,ETF로 노후 자금 불리는 개미들…연금 계좌 투자금액 7조로 껑충,2025-06-06
87,"""ETF 시장 잡아라!""…사활 거는 자산운용사",2025-06-06
88,달러 약세가 부른 은의 질주…13년 만에 최고가,2025-06-06
89,"""이러다 세금폭탄 맞는 거 아니냐""…서학개미들 '발 동동' [빈난새의 빈틈없이월가]",2025-06-06
90,"착한 유증, 나쁜 유증 따로 있다?…한계기업 증자주의보 [마켓시그널]",2025-06-06
91,李 정부는 탈원전? 친원전?…원전주 어디에 베팅해야하나 [투자360],2025-06-06
92,"""지금은 채권보다 주식, 금보다는 비트코인이다""",2025-06-06
93,"'자사주 의무 소각' 전 셀프 상폐 기업까지…""지배주주 지분도 고려해 투자""",2025-06-06
94,"'ETF 200조 넘었다' 2년새 2배 성장 '껑충'...""앞으로 더 간다""",2025-06-06
95,"""JM노믹스 네번째 화살은 금리 인하"" 고민 커지는 한은…""국제선 여객 벌써 3000만명"" 불황 잊은 항공업계 [AI 프리즘*신입 직장인 뉴스]",2025-06-06
96,올해 주가 상승률 1위는 증권株…빚투 활활,2025-06-06
97,"""외국인 이틀간 2조 담았다"" '허니문 랠리' 코스피 2800 돌파…""방망이 짧게 잡았다"" 개미들, 초단기채로 뭉칫돈 ‘파킹’ [AI 프리즘*주식 투자자 뉴스]",2025-06-06
98,"감세안에 정면 충돌…머스크, 탄핵 인용글에 ""동의"" [글로벌 마켓 A/S]",2025-06-06
99,"브로드컴, AI 신제품·호실적 기대에 연고점…'파죽지세' 이어갈까",2025-06-06
100,"상장 박차 ‘일라이릴리 기술이전’ 알지노믹스, 핵심 경쟁력은",2025-06-06
101,코스피 '3000' 눈앞…'6만 전자' 터치,2025-06-09
102,SK실트론 매각 예비입찰 연기...한앤코·스틱·IMM PE 참여 유력,2025-06-09
103,"신성통상, 자진상폐 재추진 소식에 상한가 직행 [증시 이슈]",2025-06-09
104,"‘아슬아슬’ 불안한 美 증시…서학개미, ‘방어’ 태세 돌입[주톡피아]",2025-06-09
105,[단독] ‘몸값 5조’ DIG에어가스 매각 예비입찰에···블랙스톤·브룩필드·스톤피크 등 참전,2025-06-09
106,애플 줄이고 팔란티어·넷플릭스 비중 ↑…변동장서 빛 발하는 액티브 ETF,2025-06-09
107,[단독] '30%룰' 묶인 대체거래소…이달 말부터 일부 종목 거래 중단된다,2025-06-09
108,“3000피가 보인다” vs “시장 과열 주의”…허니문랠리 언제까지 갈까,2025-06-09
109,"日 메타플래닛, 7조원 조달해 비트코인 21만개 산다",2025-06-09
110,李 정부 공약 '코스피 5000 시대' 수혜주…증권주 '신고가 행진'[핫종목],2025-06-09
111,코스피 날자 코인 관심줄어 테더 국내거래액 64% 급감,2025-06-09
112,야간파생시장 문 활짝…외인 반기는 코스피,2025-06-09
113,전세계 디지털 화폐 대세인데 … 韓 '사행성 딱지' 무차별 퇴출,2025-06-09
114,'허니문 랠리'라는데 이차전지주 또 '와르르'…엘앤에프 장 중 12% ↓,2025-06-09
115,"""규제 세지기 전에""… 자발적 상장폐지 서두르는 상장사",2025-06-09
116,"""원금보장서 투자로""…퇴직연금 400조 돌파",2025-06-09
117,카카오 뛰고 배터리 하락…희비 갈린 소외株,2025-06-09
118,"'삼천피 간다' 외국인은 싹쓸이하는데…개미들 ""못 믿어""",2025-06-09
119,"""외인도 올라탔다"" 허니문 랠리 환호…코스피 연중 최고점 경신",2025-06-09
120,예·적금 금리 내리막…5%대 고배당주 담아볼까 [투자토크],2025-06-09
121,시장성 조달자금 100조 폭증… 초저금리發 '빚 청구서' 온다,2025-06-10
122,새 정부 '문화강국' 비전에 미디어주 날개 달았다,2025-06-10
123,글로벌 '원전 르네상스' 열풍… 원자력 ETF '불기둥',2025-06-10
124,부당이득 입증 어려워…'최대 9배 금전제재' 유명무실,2025-06-10
125,"""원화 스테이블 코인 허용""…디지털자산법 연내 통과",2025-06-10
126,"1160만 토종 OTT 탄생 예고…공정위, 티빙·웨이브 합병 조건부 승인 [시그널]",2025-06-10
127,美 레버리지 ETF의 진화…복합·분산형 등장,2025-06-10
128,"""예적금 대안""…머니마켓액티브 ETF, 1년 반 새 순자산 9배 껑충",2025-06-10
129,"""에너지 고속도로 뚫린다"" 전력 인프라株 주가 쑥쑥",2025-06-10
130,'5천피' 기대감에 … 방망이 길게 잡는 개미,2025-06-10
131,"컴포즈커피 산 필리핀 기업, 노랑통닭도 삼켰다",2025-06-10
132,"개인, 국내채권 투자 시큰둥 … 美국채로 몰려가",2025-06-10
133,"코스피, 닷새째 랠리…""외인 매수 여력 충분"" [박해린의 마켓톡톡]",2025-06-10
134,어느새 2900선…증권가의 ‘허니문 랠리’ 코스피 전략은?[주톡피아],2025-06-10
135,거버넌스포럼 “TSR마저 오기한 한화에어로 밸류업계획 D학점”,2025-06-10
136,이재명 정부 수혜 테마 뜬다… 자산운용사도 국내 ETF 재정비,2025-06-10
137,"또 오른 코스피, 역대 정권 최고 허니문 랠리 171.18p ↑",2025-06-10
138,“숨은 AI 수혜주 여?었네” 서학개미의 AI픽 바뀌었다…팔란티어 대신 선택한 이 종목 [투자360],2025-06-10
139,"""순식간에 돈 벌어"" 환호한 개미 던지고…외인은 ""오늘도 사자""",2025-06-10
140,키움증권 “3분기 환율 1300원 초반까지 하락…4분기는 반등”,2025-06-10
141,"주식시장 '대대적 수술' 선언 이유는?…'투자조심' 시장경보 한 해 2,700건",2025-06-11
142,"李대통령 ""주식, 부동산 버금 투자수단으로""[기획]",2025-06-11
143,2년반새 7배 급성장…채권혼합형 ETF 시장 커진다,2025-06-11
144,“당분간 회복 못할 줄 알았는데”...불과 한 달 만에 이름값 증명한 M7,2025-06-11
145,3년반 만에… ‘허니문 랠리’ 코스피 2900선 돌파,2025-06-11
146,날개 단 증시에 하락 베팅… 공매도 잔고 '눈덩이',2025-06-11
147,지배구조 개선하고 배당 확대… 韓 증시 '고질병' 대수술 [李대통령 주가부양 의지],2025-06-11
148,10대 그룹 시총 순위 흔드는 '조·방·원 삼총사',2025-06-11
149,KB·하나금융·LS 지분율 확대…지주사에 꽂힌 외국인,2025-06-11
150,"""작은 시드로 고수익 노리는"" 30대 예비신랑의 투자 고민 [영앤리치 상담소]",2025-06-11
151,하루 1조 쓸어담는 외인…반도체株 드라이브,2025-06-11
152,발빠른 해외 큰손들…국내 물류센터 쓸어담는다,2025-06-11
153,李 대통령 임기 내 '코스피 5000 갈까?'…전문가에게 물었더니,2025-06-11
154,"""관세 악재 탈출했다"" M7 담은 ETF 반등",2025-06-11
155,ETF도 뜨거운 비트코인 … 金 밀쳐냈다,2025-06-11
156,환전도 서명도 안했다 … 싱가포르선 가상화폐 QR로 '삑' 결제 끝,2025-06-11
157,여름철 코로나19 경계령…테마주 줄줄이 상한가 [핫종목],2025-06-11
158,"반도체株 '이재명 랠리'…SK하닉, '24만닉스' 회복[핫종목]",2025-06-11
159,"두산에너빌리티, 원전 수주 기대에 5만원 돌파…외인 순매수 3위[핫종목]",2025-06-11
160,한양증권 새주인에 KCGI…대체투자 시너지,2025-06-11
161,"드림어스컴퍼니, 자사주 공개매수 완료…신한벤처투자 수상한 '엑시트'",2025-06-12
162,LIG넥스원·두산·HD현대마린 8월 MSCI 편입 유력,2025-06-12
163,지급결제 수단으로 한계 분명.. 코인런 땐 금융위기 초래 경고 [토크노미 코리아 2025],2025-06-12
164,"中 텐센트, 넥슨 인수 추진하나...NXC “확인 불가”",2025-06-12
165,아세아텍 자사주 29억 공개매수…주가는 3% ‘찔끔’ 상승 [시그널],2025-06-12
166,"포스코퓨처엠, 주가 반등에 한숨 돌려…유증 조달액 1조 넘길듯 [마켓시그널]",2025-06-12
167,"'수익률 열등' ETF, 리노베이션으로 반등 꾀한다",2025-06-12
168,"""세계 최고 상속세율, 해결땐 지수 우상향""",2025-06-12
169,"테마주로 뜨니 돌연 '유증 폭탄'…""지독한 불신 해소해야""",2025-06-12
170,"주가 10배 뛴 '헬로키티' 뒤엔 주주관여 ""日 다음 활동무대는 상법개정 앞둔 韓""",2025-06-12
171,"“스테이블코인, 2조달러 시장 성장 가능…달러 위상에 기여”",2025-06-12
172,달라진 젠슨황 발언에 양자컴 이번엔 올랐다,2025-06-12
173,주주 생각않던 '밸류업 열등생' 달라졌네,2025-06-12
174,美증시서 발빼는 서학개미 반도체 레버리지 집중매도,2025-06-12
175,비트코인 보유 세계 톱4 넘보는 게임스톱,2025-06-12
176,"지에프씨생명과학, 코스닥 도전…“스킨부스터 하반기 출시” [IPO톡톡]",2025-06-12
177,"하지원 앞세운 아스테라시스, 주가 160% 상승[체크!코스닥]",2025-06-12
178,"증권가, 코스피 목표가 일제히 상향…""3000 돌파 시간문제""",2025-06-12
179,"외인, 오늘도 담았다…코스피 7거래일 연속 질주 [박해린의 마켓톡톡]",2025-06-12
180,"코스피, 2920선 마감… 외인 7거래일 연속 '바이 코리아'",2025-06-12
181,"""카드 없어도 얼굴로 계산""…'1초 결제' 간편함으로 소비자 유혹",2025-06-13
182,중동 위기 증폭… 유가 폭등·코스피 2900선 무너져,2025-06-13
183,증시 고평가 우려에…은·구리 원자재 ETN '주목',2025-06-13
184,공매도 거래대금 두 달 만에 1조…“다음주 증시 조정장 전망” [마켓시그널],2025-06-13
185,美 중고차 가격 상승에 카바나 주가 올 57% ‘쑥’,2025-06-13
186,[단독] “전세계 여성들 마음 홀렸다”…한국 화장품 기업 인수합병 시장 ‘후끈’,2025-06-13
187,새 정부 핵심 수혜 지주株로 구성…연초 이후 수익률 50% [ETF 줌인],2025-06-13
188,홈플러스 '인가 전 M&A' 내년 3월 전 가능할까[마켓인],2025-06-13
189,불붙은 K뷰티 M&A…'지디케이' 새주인 찾아,2025-06-13
190,"""상법 개정안, 통과 시점 보다 세부 내용 중요... 중소형 지주·고배당 주목""",2025-06-13
191,중동 화염에 … 유가 단숨에 10% 폭등,2025-06-13
192,"'위험자산' 성장주 위주 코스닥, 중동 악재 직격탄…코스피 3배 휘청",2025-06-13
193,“코스피 삼천? 이대로면 '사천피' 간다…30년 묵은 코리아 디스카운트 끝내야” [S머니+],2025-06-13
194,서학개미 최애주 비중 키웠더니 나스닥100보다 더 올랐다 [미다스의 손],2025-06-13
195,"다른 통신사 뛸 때 힘 못쓴 SKT…""저점매수 나설 만""",2025-06-13
196,"중동분쟁 재점화에 코스닥 '비명'…증권가 ""일시적 충격 그칠 것""",2025-06-13
197,상장 하자마자 물렸는데 드디어…개미들 '환호',2025-06-13
198,"""이것만큼 안전한 게 없지""…수익률 안 좋아도 뭉칫돈 몰리는 이곳",2025-06-13
199,"한화증권, 증권주·가상자산·그룹 효과 '삼중 수혜' 부각[체크!코스피]",2025-06-13
200,중동전쟁 위기에 오히려 달아오른 투자 섹터…정유·방산·해운株 ‘훨훨’ [투자360],2025-06-13
201,‘중동 리스크’ 누른 밸류업… 코스피 2940 넘었다 [이스라엘-이란 확전 우려],2025-06-16
202,"적립금은 쌓이는데 수익률은 2%…퇴직연금, 이대로 괜찮나",2025-06-16
203,중동發 불안에 방산·조선株 경계감 고조,2025-06-16
204,"""헐값엔 못 판다"" 상폐 막아선 개미들…공개매수 잇따라 제동",2025-06-16
205,예뻐지는 주가…공매도 줄어드는 휴젤[주톡피아],2025-06-16
206,"LTC, 자회사 LSE 이중상장 추진에 소수주주 반발",2025-06-16
207,중동發 리스크에도 코스피 2940 돌파…변수는?,2025-06-16
208,"강소기업 우회 상장 러시 ""스팩과 합병해 더 빠르게""",2025-06-16
209,"다급해진 미국, 느긋한 중국[투자의 창]",2025-06-16
210,SK하이닉스 사상 최고가 삼천피까지 53P 남았다,2025-06-16
211,중동분쟁도 호재 … K방산주 더 간다,2025-06-16
212,임기 6개월 남았는데 …벌써 차기 금투협회장 경쟁 ‘후끈’,2025-06-16
213,중동 전쟁에 방산주 '불기둥'…정유·해운주 뛰고 金값 치솟았다,2025-06-16
214,타워팰리스 2배 오를때 삼성전자 6배 뛰었다 [코스피 5천 시대로],2025-06-16
215,일신석재·삼성공조…'빚투 비율' 높은 테마주 주의보,2025-06-16
216,"""파마리서치 대주주 위한 결정""…머스트운용, 인적분할 공개비판",2025-06-16
217,"거숀 디슨펠드 ""美 중기채·하이일드 채권 분산투자를""",2025-06-16
218,이란-이스라엘 갈등 고조에···美 방산주도 다시 오르나,2025-06-16
219,"엘앤에프, 3000억 규모 신주인수권부사채 발행키",2025-06-16
220,"트럼프 관세가 부추긴 '동조화'…원화, 위안화 방향따라 움직인다",2025-06-16
221,"""트럼프 관세, 인플레 자극 없었다…한국 주식·원화 오를 것""",2025-06-17
222,"가상화폐 투자 '횡령 혐의' 황정음, 43억원 어떻게 갚았나",2025-06-17
223,4년 만에 공모채…시험대 오른 HDC현대산업개발[마켓인],2025-06-17
224,"“요새 아빠가 매일 웃어요”...불기둥 세우는 코스피에 서학개미도 싱글벙글, 왜?",2025-06-17
225,"""유커 온다""… 힘받는 호텔·카지노주",2025-06-17
226,"'차세대 원전' SMR 관련주 들썩…태웅, 한 달새 117% 급등[주톡피아]",2025-06-17
227,"세계 최대 수탁은행 ""美 연준, 올해 금리 딱 1번만 더 내릴 것""",2025-06-17
228,3000 눈앞서 꺾인 코스피…주주환원 정책 수혜 우선주 주목,2025-06-17
229,'기금형 퇴직연금' 도입 난관…자문단 회의 논의 지속,2025-06-17
230,"동국제약, 애경산업 인수 나서나",2025-06-17
231,日상장사 메타플래닛 비트코인 1만개 돌파,2025-06-17
232,증권주 팔고 은행주 갈아타는 외국인,2025-06-17
233,K기업 외화채 '러브콜'…기업銀·한화생명 10억달러 조달,2025-06-17
234,"""화끈한 베팅""…'국장 3배 추종' 美ETF 인기",2025-06-17
235,"'아직도 싸다' 뭉칫돈 몰리더니…JP모간 ""코스피 3200 간다""",2025-06-17
236,티빙·웨이브 합병에 들썩이는 콘텐츠株,2025-06-17
237,"美 스테이트 스트리트 “韓 주식, 하반기 더 오를 것”",2025-06-17
238,"쥐꼬리 퇴직연금 수익률 높이려면…""기금형 도입·디폴트옵션 개선""",2025-06-17
239,지금 IRP에 주목하는 이유 3가지[투자의 창],2025-06-17
240,배당성향 고작 26% …배당소득세 확 낮춘다 [코스피 5천 시대로],2025-06-17
241,한국에선 발목 잡혔는데...“제도권으로 인정한다” 미국서는 가상자산 키우기,2025-06-18
242,한국은 드론 후진국...결정적 이유는?[머니코드],2025-06-18
243,"“외국 것은 되고 우리 것은 안됩니다”...분통 터트린 국내 가상자산 업계, 무슨 일이",2025-06-18
244,"""1년 마이너스였는데 하루만에 13%"" 네이버 불기둥에 개미들 '환호'",2025-06-18
245,"“그 많던 K코인, 다 어디로 갔나”…시장 호황에도 국산 비율 10% 그친 이유는?",2025-06-18
246,"""물 들어올 때 크게 베팅""… 신용융자 19조 넘었다",2025-06-18
247,"""업사이클 온다”…들썩이는 엔터주[주톡피아]",2025-06-18
248,"코람코더원리츠, 하나증권과 5년간 임대차 연장 확정",2025-06-18
249,훨훨 나는 조선·방산…신한·한화 ETF 1조 클럽 가입,2025-06-18
250,"""韓증시 저평가 해소 시동…내수·엔터株 유망""",2025-06-18
251,"""지금 들어가도 될까요?""…네이버 주가 17% 급등한 이유는",2025-06-18
252,배당으로 '셀프 연봉인상' 도전하는 30대 직장인…전문가 조언은? [영앤리치 상담소],2025-06-18
253,웃돈 주고라도 공개매수…줄줄이 '셀프상폐' 현실됐다,2025-06-18
254,주가하락 청구서 속속 … CB 풋옵션 막느라 분주,2025-06-18
255,대학생 '천원 아침밥' 부러웠는데…직장인들도 '희소식',2025-06-18
256,"해외 밈코인은 되고, K코인 안되고…상장막힌 기업들 韓 떠난다",2025-06-18
257,트럼프 약품관세 또 외치자 … 앓아누운 제약주,2025-06-18
258,美 세제혜택 끊길판 … 태양광주 날벼락,2025-06-18
259,수익률 2% 퇴직연금...'안전자산 30%' 수술 불가피 [코스피 5천 시대로],2025-06-18
260,"""'추경 임박' 소비 살아날까""…신세계, 6.7% 상승[핫종목]",2025-06-18
261,네카오와 '헤어질 결심'?…폭등장서 개미는 '탈출중',2025-06-19
262,"배민 ""1만 원 이하 주문 수수료 안 받는다""…자영업자 '시큰둥'",2025-06-19
263,미분양 1만 가구 사들였다 되판다…건설사 자금 '숨통',2025-06-19
264,"""홈플러스 손실 나도..."" 국민연금, MBK 3호펀드 수익 2.2배",2025-06-19
265,"최수안 엘앤에프 대표 ""트럼프 덕 본 LFP양극재, 양산 앞당길 것""",2025-06-19
266,"싸웠다 하면 ‘불기둥’…콜마홀딩스, '경영권 분쟁' 향후 전망은[주톡피아]",2025-06-19
267,금리인하기·상승장 '겹호재'... '리츠' 공모시장 달아오른다,2025-06-19
268,"""퇴직연금 굴려야 돈벌죠"" 주식비중 높은 상품에 자금 몰렸다",2025-06-19
269,'뺏고 뺏기는' 미 시총 1위…한국은 25년째 '삼전' [코스피 5천 시대로],2025-06-19
270,4인 가족 '100만원 소비쿠폰'…고효율 가전 사면 10% 환급,2025-06-19
271,대통령도 샀다…지수추종 ETF 수익률 12%,2025-06-19
272,"""스테이블코인 韓만 소외 … 디지털자산 기본법 시급""",2025-06-19
273,"""이재명 AI수혜주였네""… 활짝 웃는 네카오",2025-06-19
274,중동분쟁에 유가 치솟자 … 개미 '원유 곱버스' 베팅,2025-06-19
275,"“삼성重 주가 상승 여력 적어”… KB證, 투자의견 ‘중립’으로 하향",2025-06-19
276,"홈플러스 투자 전액 손실에도…국민연금, MBK 펀드로 2.2배 수익",2025-06-19
277,살아나는 '밸류업'…ETF에도 뭉칫돈,2025-06-19
278,"대규모 자금조달 초대형 IB, 모험자본 공급은 외면",2025-06-19
279,깐깐해진 거래소 합병 심사…올 들어 3건 그친 스팩 상장,2025-06-19
280,"""연금계좌 국내주식형 상품도 비과세를""",2025-06-19
281,"""나라빚 더 늘어난다""…'이스라엘-이란 확전' 어려운 이유",2025-06-20
282,"7년 만에 최대폭 상승에…더 오를라 ""구축도 줄 서서 집 봐요""",2025-06-20
283,“되기만 하면 500조원 시장서 달린다”...다음주가 관건이라는 원전 해체株,2025-06-20
284,'이재명 AI 수혜주' 네카오의 부활…각각 7%·10% 뛰었다[핫종목],2025-06-20
285,"투자주의 5년來 최다…""과열 경계"" 목소리도",2025-06-20
286,"메타, AI 스타트업 회사 안 팔자 CEO 영입…업계서도 쓴소리",2025-06-20
287,2분기 기업 성적표에 '추가 랠리' 달렸다,2025-06-20
288,"""그땐 맞고, 지금은 다르다""…새 주도주는 '방·조·금'[뉴 3000시대]",2025-06-20
289,코스피 3000 탈환 … 3년6개월 만,2025-06-20
290,삼전까지 날아오르면 '허니문 랠리' 더 후끈,2025-06-20
291,코스피 3000 재돌파에 대통령실 “기대만큼 성과로 보답할 것”,2025-06-20
292,"금정호 신영증권 사장, 20일 공식 선임…향후 과제는",2025-06-20
293,美금리 동결에 중동 리스크까지…여전히 상단 열려있는 환율,2025-06-20
294,"[단독] 키움·메리츠 등 5개 증권사, 발행어음 사업자 신청 나선다",2025-06-20
295,"""국장 왜 하죠?"" 美 주식 쓸어담던 개미들 결국…'깜짝 결과'",2025-06-20
296,"""삼전 뛰어야 증시 뛴다"" 통념 깨졌다…'꼴찌' 한국의 반전",2025-06-20
297,고배당에 절세혜택까지…만능형 '커버드콜 ETF' [ETF 줌인],2025-06-20
298,돌아온 외국인 'BUY 코리아'…두달새 6조원 폭풍매수[뉴 3000시대],2025-06-20
299,"“휴, 한숨 돌렸네”… 금융당국, 상장 유지 조건 강화 대상서 리츠 제외",2025-06-20
300,삼성전자 사라진 '삼천피'…SK하닉·한화·HD현대 '세대교체'[뉴 3000시대],2025-06-20
301,중동 확전 여파에도… 코스피 ‘3000P’ 지켰다,2025-06-23
302,한 달 새 주가 두 배 넘게 뛴 풍산…증권가에선 “더 오른다”[주톡피아],2025-06-23
303,'공매도 실탄' 대차잔고 급증… 증시 랠리 발목 잡나,2025-06-23
304,韓 수입 중동 원유 99%가 ‘이곳’ 지난다는데…글로벌 원유운송 마비되나 [투자360],2025-06-23
305,시장의 변동성을 두려워하지 말라[투자의 창],2025-06-23
306,스테이블코인 기대에 韓美 보안주 '날개',2025-06-23
307,한성숙·배경훈 장관 발탁 네이버·LG 주가 '환호성',2025-06-23
308,"'1.8조' 판교 테크원타워, 카카오·GIC 눈독",2025-06-23
309,"카카오페이, 스테이블코인 핵심 수혜 부각에 급등 [증시 이슈]",2025-06-23
310,"코스피 3000 깨지자마자…""지금이 기회"" 1.4조 '폭풍매수'",2025-06-23
311,금리 인하에도 … 죽쑤는 리츠 주가,2025-06-23
312,출혈경쟁 격화에…中 전기차株 후진,2025-06-23
313,"'전자위임장 인정 안해' 인피니트헬스케어 임시주총…""상법개정에 역행""",2025-06-23
314,"뷰티 3위 에이피알, LG생건 밀어냈다",2025-06-23
315,"""중동 불안이 기회""…돌아온 개미, 1.5조 순매수로 3000선 방어",2025-06-23
316,'AI 호재' 네이버 시총 5위로 점프…현대차는 8위로 떨어져,2025-06-23
317,"""신냉전 돌입…방산주 10년 더 우상향""",2025-06-23
318,"현대차, 네이버에 시총 밀려…HD현대중공업, 10위권 이탈",2025-06-23
319,중동 악재에도 3천피 사수...개인 1.4조 폭풍 매수,2025-06-23
320,"정부 인선·정책 기대에…네이버·카카오페이, 줄줄이 `신고가 경신`",2025-06-23
321,“이미 67% 오른 주식에 빚투 몰렸다”...‘반대매매’ 폭탄 조심하세요,2025-06-24
322,“이란 공격은 쇼였나”...미장·국장·비트코인까지 일제히 ‘랠리’,2025-06-24
323,SKT 영업 재개…단통법 폐지·갤폴드 출시 앞두고 보조금 경쟁 '신호탄',2025-06-24
324,"“삼성전자도 개미도 시큰둥했는데”...코스피 3000시대, 주역은 누구?",2025-06-24
325,"국민연금, 홈플러스 보통주 300억 손실 논란에…""이미 작년에 반영""",2025-06-24
326,[단독]트럼프 조세폭탄에 韓 연기금 비상…기재부와 대응 회의,2025-06-24
327,"국장 뜨자 대체거래소 점유율도 쑥…자본연 ""규제 재검토 필요""",2025-06-24
328,"“코스피, 이렇게 빨리 달릴 줄은”...역대 최고치까지 202P 남았다",2025-06-24
329,중동 휴전에 안도… 코스피 3100·코스닥 800 뚫었다[중동전 봉합되나],2025-06-24
330,"상법 개정·주주환원 확대… 우선주, 형님보다 잘나가네",2025-06-24
331,"'HBM 날개' SK하이닉스, 시총 200조 넘었다",2025-06-24
332,미래에셋 저보수 승부수에…한투 '金 현물 ETF' 보수 인하 검토,2025-06-24
333,두산에너빌·카카오·네이버 …'빚투 주의보',2025-06-24
334,외국인은 바이코리아·개미는 '빚투' 거침없는 '국장'… 신고가 종목 161개,2025-06-24
335,'포모' 투자자 몰렸나 … 무섭게 달리는 서클,2025-06-24
336,돈 몰리고 상품 다양 … 金 ETF 전성기,2025-06-24
337,K조선 호황에…사모펀드 함박웃음,2025-06-24
338,"""24시간 거래는 글로벌 트렌드"" VS ""유동성 적은 곳 가격 왜곡 가능성""[어떻게 생각하십니까]",2025-06-24
339,"美 상업용 부동산, 바닥 찍었나…공급 줄자 가격 '꿈틀'",2025-06-24
340,"Fed, 내달 금리 내리나…매파도 ""인하 검토해야""",2025-06-24
341,'가치투자' VIP운용 '픽' 에스엠씨지…'K-뷰티' 수혜 주목[주톡피아],2025-06-25
342,집값 과열에 대책은 감감… `李딜레마`[기획],2025-06-25
343,한방 노리는 개미들 `빚투·곱버스` 베팅… 코스피 과열 주의보[기획],2025-06-25
344,체력 좋아진 증시… 시총 첫 3000조 넘본다[전성기 맞은 한국 증시],2025-06-25
345,"""돌격 앞으로""… 외국인은 반도체, 개인은 원전·방산 '베팅'",2025-06-25
346,"정책·저평가·弱달러 '3박자' 맞아떨어져…""내년 4천피 간다""[전성기 맞은 한국 증시]",2025-06-25
347,美 반도체 깜짝 랠리에...국내 반도체주도 강세 이어가,2025-06-25
348,세금 내다 기업 뺏기고…경영권 방어장치는 자사주밖에 없어 [시그널],2025-06-25
349,관세유예 종료 다가오자…구리 ETN '꿈틀',2025-06-25
350,정책수혜·실적 양날개에…증권株 파죽지세,2025-06-25
351,"삼성자산, KODEX ETF 순자산 80조 첫 돌파",2025-06-25
352,‘환율 1300원대’로 이끈 대만 환헤지…하반기 ‘추가 하락’ 기대,2025-06-25
353,서클 팔고 코인베이스로 … 美코인주 손바뀜,2025-06-25
354,"천장 뚫은 브로드컴 ""주가 50% 더 간다""",2025-06-25
355,"""3000P 넘었는데 내 주식은 거래정지""…더 서러운 '풍년거지'",2025-06-25
356,대형 반도체주 이어 이젠 '소부장의 시간',2025-06-25
357,美 써클 급락에 스테이블코인株 '주춤'…다날·삼성SDS '뚝'[핫종목],2025-06-25
358,"""스테이블코인 확산, 금융시장에 위험 요인""…한은·BIS 경고(종합2보)",2025-06-25
359,"불타는 증시, 개미 속속 복귀…키움증권, 등급 오를까[마켓인]",2025-06-25
360,외국인 관광객 늘자 큰손들 호텔투자 열풍,2025-06-25
361,멈추지 않는 서울 아파트 '불장'…문재인 정부 추월 코앞,2025-06-26
362,"“믿습니까?”…지지부진하던 미국 증시, 하반기 상승 가능성 커졌다는데",2025-06-26
363,"'서리풀 개발사업' 5.3조 본PF, 이달말 확정…내달 첫삽",2025-06-26
364,"'불장' 코스피 단기과열 종목 속출… ""추종 매매 지양해야""",2025-06-26
365,AI칩서 지주사 재편 기대감까지…하이닉스 끌고 스퀘어가 밀어 [SK 시총 300조 시대],2025-06-26
366,금 이어 방산…역대급 질주에 ETF戰 격화,2025-06-26
367,"스테이블코인, 재정적자 미국의 국채 주요 수요처 될 것",2025-06-26
368,불장에 소외된 공모株 … 7월 제도개편땐 기 펴나,2025-06-26
369,‘허니문 랠리’ 속 주춤한 농심·오리온…시장선 “매수 기회”[주톡피아],2025-06-26
370,"롯데지주, 자사주 5% 매각…물산에 1450억에 넘겼다",2025-06-26
371,"월가 뒤덮은 ‘7월 위기론’…“시장 왜곡 심화, 알고리즘發 매도 폭발할 수도”",2025-06-26
372,카카오페이 임직원 '눈물의 우리사주' 탈출하나,2025-06-26
373,불장에 과속주의보…목표주가 크게 웃돌았던 종목 급제동,2025-06-26
374,"""가상자산이 주류"" 파월이 달라졌다",2025-06-26
375,"""시총 톱2 깨어났다"" 힘받는 美증시 낙관론",2025-06-26
376,AI가 이끈 마이크론 호실적…美 반도체 목표가 줄상향,2025-06-26
377,"엔비티, 경영권 매각 무산…""전략적 지분 거래 재추진""",2025-06-26
378,[단독] 최태원의 뚝심…SK 시총 '300조 시대',2025-06-26
379,"투톱 가상자산거래소, 몸집 불리기 시동…대표 교체에 사업 분할까지",2025-06-26
380,발길 끊은 외국인...30만닉스 향한 고독한 질주 [마켓톡톡],2025-06-26
381,"""너무 올랐나…어닝 시즌 이후 반전 나온다""",2025-06-27
382,첫 부동산 대책은 '대출 조이기'…불장 진정될까[뉴스추적],2025-06-27
383,역대 최강 대출규제 카드…수도권 주담대 6억까지만,2025-06-27
384,"용산 유엔사부지 오피스텔, 분양승인 '아직'…다음달 10일 견본주택 개관",2025-06-27
385,K-바이오 글로벌에서 통하려면…VC 이구동성 '이것' 강조,2025-06-27
386,HBM 3대장에 집중 투자…3개월 간 순자산 45% 급증[ETF 줌인],2025-06-27
387,한국서 무섭게 팔더니 돌변…'이 주식 사자' 쓸어담은 외국인,2025-06-27
388,"""미국처럼 버퍼형 ETF 지평 넓혀야""",2025-06-27
389,"SK하이닉스, ‘30만닉스’ 코앞서 멈칫…목표가는 줄상향[주톡피아]",2025-06-27
390,‘제 머리 못 깎는’ 퇴직연금사업자…작년 DB형 수익률 4%대 그쳐,2025-06-27
391,주가 상승에 효과 떨어질라…자사주 취득 시기 고심,2025-06-27
392,'김치 프리미엄' 이용한 코인 차익거래…자산운용사 대표 징역,2025-06-27
393,"태광산업, 자사주 소각 대신 전량 교환사채 발행",2025-06-27
394,중동 갈등 봉합에 금리 인하 기대감까지···AI 훈풍 타고 美 기술주 재점화되나,2025-06-27
395,"에스와이스틸텍, 유상증자 소식에 애프터마켓서 23% 급락",2025-06-27
396,'가상자산 생태계 최강자' 코인베이스 천장 뚫었다,2025-06-27
397,강남 슈퍼리치들 국장 컴백 … 방산·콘텐츠·조선株에 큰 관심,2025-06-27
398,중동서 62%나 성장한 K뷰티 실적·밸류업으로 날아오를까,2025-06-27
399,'불장'에 100억씩 들어와…수익률 41% 코리아펀드 [미다스의 손],2025-06-27
400,"옵티머스 사태 ‘다자배상’ 책임 두고… 두 재판부, 엇갈린 판단",2025-06-27
401,갭투자자들 '발 동동'…입주 앞둔 분양단지도 불똥,2025-06-30
402,상반기 주관 미래에셋·KB '양강' 형성…'LG CNS 효과',2025-06-30
403,증시 랠리에 IPO 시장 활기…열에 일곱은 수익,2025-06-30
404,올해도 대어급 상장은 주춤했지만 수익률은 좋았다,2025-06-30
405,"지니틱스, 헤일로전자 고소...""의결권 위임과정서 허위사실 유포""",2025-06-30
406,남들은 달리는데… 삼성전자 시총 비중 14%로 추락,2025-06-30
407,"'30%룰' 대체거래소, 7월 거래중단 강력 검토",2025-06-30
408,하반기 IPO 제도 변화 속 옥석가리기 심화…'상저하고' 기대도,2025-06-30
409,"강남 르메르디앙 개발, 브릿지론 만기 '연장'…하반기 첫삽 뜨나",2025-06-30
410,"'오겜'과 깐부되면 완판이었는데…""이번엔 포기"" 달라진 분위기, 왜?",2025-06-30
411,올해 삼전 12% 오를때…하이닉스 70% '쑥',2025-06-30
412,K뷰티 화색 도는데…LG생활건강만 '찬바람',2025-06-30
413,하루 거래량이 상장주식 수 초과 '단타 경연장' 테마株투자 주의보,2025-06-30
414,하루새 25% 뛴 SK이노…그룹주 동반 상승,2025-06-30
415,수익률·트렌드 다 잡아…KEDI상품 나왔다하면 '완판',2025-06-30
416,새로운 '대장주'의 등장…한 달 만에 '45%' 불기둥,2025-06-30
417,"美 장기채에 지친 개미, 방망이 짧게 잡았다",2025-06-30
418,이재명發 AI 육성책에 로봇 생태계 '관심'…저평가 수혜주 주목[주톡피아],2025-06-30
419,상장만 하면 반토막…'IB 신뢰 위기' 한화證,2025-06-30
420,연 14% 이자에 비과세까지…큰손들 '싹쓸이',2025-06-30
421,"""주도주 아니니까""…'공매도 최고'에도 걱정말라는 이유",2025-07-01
422,"“중국산 이기기 쉽지 않네”…위기에 빠진 한국기업들, 신용등급 줄강등 현실로",2025-07-01
423,"논란의 태광산업 교환사채, 한국투자증권이 전량 인수",2025-07-01
424,설상가상 DSR 3단계까지…대출 얼마나 더 줄어드나,2025-07-01
425,"""6억으로 전세 못 구하는데""…이주 앞둔 재건축 조합 '비상'",2025-07-01
426,"태광산업 교환사채 논란, 핵심은 ‘발행 목적’… “거래 상대방 없어 목적 불분명”",2025-07-01
427,출근길 ‘주식거래 3조’ 시대… 한국거래소도 참전할까,2025-07-01
428,"""국내 증시 조정 겪을 것…배당·커버드콜 ETF로 대비""",2025-07-01
429,IPO '기관 먹튀' 막는다…의무보유 20→40%,2025-07-01
430,‘호실적 반도체’ 상승장 주도… 중소형株 덩달아 들썩,2025-07-01
431,방산 쓸어담은 외국인 함박웃음… 美 올인한 개미들 울상,2025-07-01
432,"""신규 투자해도 누적 분배금""…분배형 전환 ETF 주목 [투자토크]",2025-07-01
433,"낮엔 카카오페이, 밤엔 美 서클…스테이블코인 24시간 '투자 광풍'",2025-07-01
434,1兆 판교 테크원타워 매각전 개막…국내외 큰손들 대거 참여,2025-07-01
435,"장중 연고점 돌파한 코스피…""증시 과열 아냐, 연내 3700 갈 것""",2025-07-01
436,"트럼프 가족 참여 가상자산 기업, 비트코인 채굴에 2억달러 유치",2025-07-01
437,"""연내 기준금리 낮출 것""…채권형 펀드에 뭉칫돈 몰렸다",2025-07-01
438,불황 늪 석화·2차전지에 '신용등급 쇼크'… 재무리스크 더 커졌다,2025-07-01
439,"""섹터 아닌 종목 순환매…주도 업종 속 숨은 진주 찾아라""",2025-07-01
440,코스닥서 짐싸는 개미들…코스피 투자 확 늘렸다,2025-07-01
<<<<<<< HEAD,,
441,해외 자본에도 열려있다지만…SK실트론 ‘쉽지 않은 매물’,2025-07-02
442,상법 개정에 셈법 복잡한 기업들…EB·CB 발행부터 소각·상폐까지 분주,2025-07-02
443,수수료 인하 효과있나…美 지수ETF  '보수 전쟁' 승자는[주톡피아],2025-07-02
444,건대CGV펀드 수익증권 결국 상폐… 투자자 어쩌나,2025-07-02
445,롯데 신용등급 하향 '도미노'… 회사채 차환 리스크 커졌다,2025-07-02
446,'서울 내집마련' 꿈꾸는 7년차 직장인의 투자법 [영앤리치 상담소],2025-07-02
447,"PwC “홍콩, 올해 글로벌 IPO 1위 탈환 전망…연말까지 초대형 딜 이어질 것”",2025-07-02
448,'매출 10배' 서진시스템과 동급? 한라캐스트 공모가 불안[체크!IPO],2025-07-02
449,롯데그룹 재무구조 악화에 파킹형 ETF에도 불똥튈까,2025-07-02
450,"삼성, 운용자산 33조 급증…한화, K방산 ETF 앞세워 6위 도약",2025-07-02
451,"""비교 불가"" … 비트코인 시총 알트코인 2배로",2025-07-02
452,"""보안 강한 비트코인으로 스테이블코인 출시할것""",2025-07-02
453,인프라 건설 붐 … 글로벌 폐기물株 활활,2025-07-02
454,"머스트운용 “파마리서치, 인적분할 설득력 부족…비양심적 설명”",2025-07-02
455,주주환원 확대 매력에…韓美 은행주 전성기,2025-07-02
456,상승장 날아든 '불나방' 미수거래 1조원 넘었다,2025-07-02
457,"2차전지 덜어낸 국민연금, 증권·원전株 지분 늘렸다",2025-07-02
458,공모펀드 10월 직상장...참여 운용사는 2곳뿐,2025-07-02
459,"""드디어 우리 차례""…조·방·원 주춤하자 제약·바이오 들썩",2025-07-02
460,적자 또 적자…방전된 '2차전지株',2025-07-02
461,4천 원 '컵 빙수' vs 15만 원 '호텔 빙수'…불경기 속 빙수 유행 '극과 극',2025-07-03
462,"'K뷰티 선도' 콜마그룹 '남매의 난' 본격화…법원, 가처분은 여동생 손 들어줘",2025-07-03
463,"“AI 이어 바이오도 중국이”…비만치료·항암제株, 글로벌 증시서 제대로 ‘약발’",2025-07-03
464,"""연금개혁은 어찌?"" 정은경 복지부 장관 내정에 국민연금 '시계제로'",2025-07-03
465,"""개미들 오늘 한풀이했네""…삼전, '7만전자' 시동?",2025-07-03
466,불장 예탁금만 70兆… 배당소득세 개편땐 4000피 보인다 [국내증시 새정부 랠리],2025-07-03
467,숨고르는 조선·방산·원전주… 개인은 사모았다,2025-07-03
468,코리아 디스카운트 해소 기대… 증시 추가상승 동력 얻었다,2025-07-03
469,"""삼성전자 2분기 영업익 뒷걸음질""…5.5조냐 6.5조냐",2025-07-03
470,"코스피 2분기 실적 '맑음'…""방산·조선·화장품·엔터가 주도주""",2025-07-03
471,"KCC, 16년만에 교환사채 발행 'HD한국조선해양 EB'",2025-07-03
472,"집안싸움 콜마 부회장에 法 ""증여주식 처분 말라""",2025-07-03
473,글로벌 시장서 '약발'… 中 바이오株 훨훨,2025-07-03
474,"돈 빠지는 인도·베트남 펀드…""아직은 팔 때 아니다""",2025-07-03
475,'95% 찬성' 거수기 이사회의 나라…0.5%만 허용된 '이것' 통과돼야,2025-07-03
476,헛다리 제대로 짚은 개미들 주가 하락에 베팅했다 '눈물',2025-07-03
477,"""불공정거래 오명 씻자"" 네이버 종토방 개편",2025-07-03
478,"""방시혁 지난달 소환 조사"" … 하이브 주가 5% 급락",2025-07-03
479,하루 만에 '6000억' 싹쓸이…삼성전자 '깜짝 전망' 나왔다,2025-07-03
480,"""감산 땐 가격 뛴다""…철강주 줄줄이 반등",2025-07-03
481,역대 美 감세안은 증시 랠리 불렀는데…이번에도 통할까,2025-07-04
482,"""불장에도 못 웃겠네""…바이오·2차전지, 공매도 집중 포화",2025-07-04
483,"""은행대출보단 회사채""…상반기 역대급 75조 발행",2025-07-04
484,"""삼양식품, 160만원 간다""…장밋빛 전망 쏟아진 이유[주톡피아]",2025-07-04
485,"""글로벌 큰손, 미 달러서 벗어나는 중…투자 엣지 살려라"" [미다스의 손]",2025-07-04
486,"'지니틱스 최대주주' 헤일로 ""현 경영진, 별도법인 설립하고 위법 행위 저질러""",2025-07-04
487,임원진 지분 매도로 주가 급락한 실리콘투…증권가는 목표가 상향,2025-07-04
488,"SKT, 해킹 관련 '위약금 면제' 소식에…주가 5%대 급락 [핫종목]",2025-07-04
489,"수익률 294% 찍더니 무섭게 '뚝'…""'지금조방원' 차익실현 할때?""",2025-07-04
490,"다시 오는 트럼프發 공포에 몸 사린 코스피, 하루 만에 2% ‘뚝’···기관, 매섭게 팔았다 [투자360]",2025-07-04
491,"짙어진 관망세…코스피·코스닥, 하락 마감",2025-07-04
492,"카지노주, 중국관광객 무비자 기대에 주가 껑충",2025-07-04
493,"""너무 올랐다"" 차익실현 지속…조선·방산株 '우수수'[핫종목]",2025-07-04
494,"한성숙, 취임시 '170억' 네이버 주식 '전량 매각'한다",2025-07-04
495,한 달 새 1.2조 몰린 EWY… 외국인들의 '코리아 베팅' 러시,2025-07-04
496,"개미들만 사더니 ""또 물렸네""…美 관세공포에 코스피 2% '주르륵'",2025-07-04
497,"헤일로 ""지니틱스 현 경영진, 기술·경영권 탈취 시도""",2025-07-04
498,"코스피 하루만에 2% 반락 3,050대…코스닥 2.2% 급락(종합)",2025-07-04
499,고평가 원전株 잡으면 낭패 … ETF로 위험 분산을,2025-07-04
500,해킹 사태에 “고객 위약금 면제” SKT 주가 5%대 급락 [종목Pick],2025-07-04
502,“초우량주인데 올해 수익률 맞아?”...70% 이상 급등한 S&P500 종목은,2025-07-07
503,"""TACO로 저가 매수?…'예측불허' 트럼프에 긴장""",2025-07-07
504,‘어깨 천근만근’ 공무원연금 새 CIO 첫 출근… 노후자금 운용 과제는,2025-07-07
505,“누가 코인 투자를 한국에서 해요”...규제 덫 피해 투자자들 해외 탈출 러시,2025-07-07
506,"""자리 옮기자 놀라운 일이 벌어졌다""…시가총액 4.5배 '껑충'",2025-07-07
507,대통령이 콕 집은 라면 최대 '반값'에 판다…아이스크림은 1+1,2025-07-07
508,'배드뱅크' 전 금융권서 4천억 분담…배임죄 논란은 계속,2025-07-07
509,"'남매의 난' 콜마, 여동생의 반격…""역대 최대 매출"" vs ""수년간 실적 부진""",2025-07-07
510,"“집을 사는데 담보가 비트코인?”...가상자산 대출 열풍, 전통 금융시장 뒤흔든다",2025-07-07
511,"얼어붙은 리튬값…""배터리 소재사 흑자도 감지덕지""",2025-07-07
512,정부 '78兆 조세지출' 손본다는데…감면 카드 남발하는 여야,2025-07-07
513,"동원산업, 지주사 테마 타고 오르자… 불만 갖던 동원F&B 주주도 반색",2025-07-07
514,국내 첫 조선 레버리지 ETF 나온다…2차전지·반도체 이어 세 번째,2025-07-07
515,그 많던 정치테마주 어떻게 됐나…코인 테마로 갈아끼우기도 [이런국장 저런주식],2025-07-07
516,"""주춤할때가 기회"" 방산·원전株 몰려간 개미",2025-07-07
517,"""위약금 면제 타격"" vs ""배당 기대""…SKT 전망 엇갈려",2025-07-07
518,세탁전문점·잡화점…불황 이기는 M&A 뜬다,2025-07-07
519,스테이블코인 기업결제 30억달러 시대… 우리나라는 언제쯤?[이슈&트렌드],2025-07-07
520,조선업 올 하반기도 ‘순항’ 전망…조선株 IPO 몰려온다[주톡피아],2025-07-07
521,야당도 스테이블코인法 추진…쟁점은 '발행요건' [투자토크],2025-07-07
522,"“연장 해, 말아?” 홈플러스 대출 5800억 만기 앞두고…결국",2025-07-08
523,머스크 창당 선언에 테슬라 주가 급락…서학개미 분통,2025-07-08
524,"코스닥, 하반기 키맞추기 장세 기대…""동학개미 복귀가 변수""",2025-07-08
525,"외국인 수급 복귀 ‘시동’…올 하반기 증시, 조선·AI·내수株 주도",2025-07-08
526,'코리아 디스카운트' 해소로 재평가될 것…슈퍼랠리도 가능,2025-07-08
527,신규투자 1년 만에 회생신청 정육각…VC는 줄손실 우려[마켓인],2025-07-08
528,실적 부진 탈출구가 코인? 코스닥發 테마주 형성 움직임에 ‘주의보’,2025-07-08
529,증시 상승세에 CB 전환 급증… 지분 희석에 또 우는 투자자,2025-07-08
530,'反트럼프 창당'나선 머스크…테슬라 하루 205조원 증발,2025-07-08
531,"'주가 급락 날벼락' 우리기술 ""도이치모터스 세력과 어떠한 관계도 없다""",2025-07-08
532,증권사 시스템 오류에 커버드콜 ETF 투자자 15년간 세금 더 냈다,2025-07-08
533,"머스크, 트럼프 지지 1년 만에 결별·中 부진…테슬라 '수난시대'",2025-07-08
534,"머스크 '신당 창당' 여파…테슬라 ELS, 잇단 원금손실",2025-07-08
535,상법 개정에…상장사 자사주 처분 '러시',2025-07-08
536,"금융주 고공행진…KB 시총 5위, 하나·신한 사상 최고가",2025-07-08
537,"숨고르던 서학개미, 다시 美주식 산다",2025-07-08
538,'재테크 어벤져스' 11명 출동…투자·절세 노하우 족집게 강의,2025-07-08
539,자사주 추가 매입으로 '6만전자' 방어,2025-07-08
540,반복되는 관세에 '학습효과'…환율 급등 제한·변동성은 지속,2025-07-08
541,“내년 상반기까지 HBM 패권” 목표가 ‘38만닉스’까지도…“2027년 영업익 91조” 현실화할까? [종목Pick],2025-07-08
542,"‘고공행진’ 코스피 ETF, 올해는 '액티브'보단 '패시브'…향후 전망은 [주톡피아]",2025-07-09
543,'내수부양 수혜' 신세계·이마트 목표가 줄상향,2025-07-09
544,증시랠리에 새내기주 '훨훨'… 재미없는 스팩은 '찬밥',2025-07-09
545,"트럼프 관세 강경책에 관망…완화적 FOMC 의사록, 매수세 끌어낼까[오미주]",2025-07-09
546,교원공제회 지방회관 8곳 매각 착수…내달 주관사 선정,2025-07-09
547,대신밸류리츠 상장… 리츠 회복장 선점 VS 단일 자산 시험대,2025-07-09
548,역대급 폭염에 주가도 끓는다…조용히 웃는 ‘이 종목’,2025-07-09
549,마오타이의 굴욕 … 中 시총1위서 6위 추락,2025-07-09
550,주가조작 한 번만해도 '아웃'…허위공시땐 과징금 10배,2025-07-09
551,"‘USDT’ 발행사 테더, 스위스 비밀 금고에 11조원 규모 금 보유",2025-07-09
552,주가 고공행진 하이닉스…MSCI 비중도 7위로 쑥,2025-07-09
553,[단독] 미래에셋 印법인 '글로벌 엑스 인디아' 출격,2025-07-09
554,"""IRP 투자도 미국 지수형 ETF가 대세""",2025-07-09
555,의무 소각 초읽기에…저평가 '자사주 부자株' 날았다,2025-07-09
556,오락가락 트럼프에 '달러 숏'…글로벌 자금 이머징으로,2025-07-09
557,"""임시주총 안건 찬성해주세요""…금양 소액주주들 호소문 냈다",2025-07-09
558,"‘SK그룹 딜 전문’ 알케미스트, 전현직 경영진 소송전… 경영 공백 심화",2025-07-09
559,코스피 16% 뛸 때 코스닥 7% 그쳐…바이오·2차전지 부진에 큰손 외면,2025-07-09
560,은행 ETF 고공행진…수익률 톱5 휩쓸었다,2025-07-09
561,증권주 더 간다는데…미래에셋증권 투자의견 잇달아 '중립',2025-07-09
562,"[단독] ""김건희 측 요구 안 들어서"" 사이 틀어졌다는 '김건희 집사'",2025-07-10
563,엔비디아 '시총 4조弗' 새 역사… 국내증시도 3000조원 시대 [치솟는 자산시장],2025-07-10
564,기준금리 동결에도 코스피 이틀째 연고점,2025-07-10
565,"주도주된 증권주, 지금 들어가도 될까[주톡피아]",2025-07-10
566,"포인트모바일 “산업용 태블릿, 포스, 방산 시장 진출해 실적 도약 나설 것”",2025-07-10
567,"토스·두나무·빗썸 '기대감에 훨훨'…소외된 야놀자, IPO 안갯속",2025-07-10
568,'Z폴드' 강화유리 공급 도우인시스…“세번 접히는 유리 출시” [IPO톡톡],2025-07-10
569,AI 모멘텀·주주 환원…탄력받는 통신주,2025-07-10
570,삼성전자 힘못쓰자…'삼전 뺀 코스피' 관심 쑥,2025-07-10
571,"비트코인 또 최고가…가상자산株 ""가즈아""",2025-07-10
572,"증시 테마 떠오른 배당소득 분리과세…""톱픽은 지주·통신·금융株""",2025-07-10
573,상장 리츠 투심 여전히 '꽁꽁'…대신밸류리츠 상장일 9.6% 폭락 [이런국장 저런주식],2025-07-10
574,'밸류업' 잘 나가는데…쪼그라든 코스닥글로벌 ETF,2025-07-10
575,코스피 뛰자 공매도 급증…SKC·한미반도체 '집중타깃',2025-07-10
576,나스닥 상승률의 7배로 올랐다…양자컴 기대에 오르는 '이 종목',2025-07-10
577,"삼양식품, 장중 150만원 터치…증권가는 '주가 더 간다'",2025-07-10
578,"""테슬라 팔고 여기로"" 서학개미 '돌변'…'9200억' 쏟아졌다",2025-07-10
579,코스피 질주에 국내 증시 시총 3000조 시대 열렸다,2025-07-10
580,"상장 두 달 만에 '날벼락'…인투셀, 기술이전 계약 해지에 급락",2025-07-10
581,연일 천장 뚫는 증시에… 국내주식형 ETF도 기지개,2025-07-10
582,"'최고 185억' 용산 유엔사부지 오피스텔, 드디어 베일 벗었다",2025-07-11
583,대출 막히자 월세 놓는 집주인들…세입자 주거비 부담 증가,2025-07-11
584,“자사주 의무 소각? 주식 수 제외가 먼저…지배력 남용 막아야”,2025-07-11
585,"""10년 후 아파트 값 되는 거 아냐?""…최고가 비트코인, 산 사람도 '후회'",2025-07-11
586,3200선 뚫은 코스피... 정책 훈풍·외국인 귀환에 연내 3500 넘본다,2025-07-11
587,"""경영권 방어→주주환원으로""…불붙은 '자사주 의무소각' 추진",2025-07-11
588,반도체·증권株 재부상…코스피 장중 3200,2025-07-11
589,주주환원 확대 기조에…리츠株 인기 시들,2025-07-11
590,5년물 넉달 연속 완판이라는데…'개인투자용 국채' 나도 담아볼까,2025-07-11
591,"상승 랠리가 불붙인 'FOMO'…빚투 개미, 테마주 달려갔다",2025-07-11
592,'하루만 넣어도 수익' 파킹형 ETF도 관심 커진다,2025-07-11
593,"""파킹통장 예년만 못해""…MMF로 일주일새 7900억 유입",2025-07-11
594,이례적 소급에 1660개사 영향권…자사주 신규취득 피할 수도,2025-07-11
595,"""자기주식, 자산 아니다""...세제 개편부터 선행돼야",2025-07-11
596,기존 자사주도 강제소각…기업 '패닉',2025-07-11
597,"'연고점 돌파' 코스피, 상승 흐름 이어질까… 센터장 6인 전망은",2025-07-11
598,"테슬라 제친 BYD…""배터리·AI 밸류체인 분산투자"" [미다스의 손]",2025-07-11
599,"“이차전지株 날았다” 엘앤에프, SK온과 북미시장 공략에 주가 11%대 급등 [종목Pick]",2025-07-11
600,"장중 3200선 ‘터치’ 코스피, 차익 매물에 반락…코스닥은 800선 회복 [투자360]",2025-07-11
601,“코스피 5000 판 짠다”…자사주 소각·집중투표제 담은 상법 개정안 추진,2025-07-11
602,야 '피켓 시위'에 산회·정회…배경훈 과기부 장관 후보자 청문회 파행,2025-07-14
603,"음식쓰레기 들어 보이며 ""갑질 장관"" 강선우 ""부덕의 소치, 일부 과장""",2025-07-14
604,한투연 “주식 대주주 10억원 하향… 코스피 5000에 찬물”,2025-07-14
605,"“매번 환율에 발목잡혔는데”…코스피, 이번엔 달러랑 따로 논다고?",2025-07-14
606,“사상 최고가 뒤엔 분명 비밀이 있다”…비트코인 뒤에 숨은 법안 전쟁은,2025-07-14
607,"볼트자산운용, 현대그룹 연지동 사옥 품는다",2025-07-14
608,CMA·주식형펀드 설정액 '사상 최대',2025-07-14
609,삼성·현대차 이긴 한화 ETF…올해 수익률 113% 달해,2025-07-14
610,‘30만닉스’ 찍었는데 '중립' 리포트 찬물…엇갈린 전망[주톡피아],2025-07-14
611,"""원화값 떨어져도 GO""…거침없는 코스피",2025-07-14
612,"""회사채 갈아타기 시즌, 투자자엔 기회""[IB명가에 듣는다]",2025-07-14
613,"""항셍지수 23% 뛰었지만 여전히 저평가…밸류에이션 저렴한 中 기술주에 주목""",2025-07-14
614,"해외주식, 테슬라 지고 엔비디아·팔란티어A 급증",2025-07-14
615,6년 만에 줄어든 주식 공급…금융·지주·소비재株 뜬다,2025-07-14
616,간 큰 서학개미…테슬라 레버리지 ETF 순매수 1위,2025-07-14
617,효성중공업도 100만원 돌파…황제주 전성시대,2025-07-14
618,"""사천피 정점 아닌 시작""…빚투 3년만에 21조 넘었다",2025-07-14
619,국내 유일 여행ETF 물 들어온다,2025-07-14
620,"""부동산은 강남 3구 재건축…주식은 AI·반도체·美빅테크株 선호""[머니트렌드 2025]",2025-07-14
621,"KB증권, 3회 연속 대상…베스트 애널엔 새내기만 6명",2025-07-14
622,"선박용 전선 제조 티엠씨, 코스피 상장 예심 청구 [시그널]",2025-07-15
623,코스피 역사적 고점 3300 탈환 '지금조방원'이 이끈다,2025-07-15
624,"연기금, 급등주 차익실현… 상법 수혜주는 '줍줍'",2025-07-15
625,"주담대 한도 쪼그라들었는데, 금리는 또 내려…코픽스 9개월 연속 하락",2025-07-15
626,"뱅가드, 비트코인 투자 기업 2대 주주 올라섰다",2025-07-15
627,디폴트옵션 3년…퇴직연금 수익률 헛바퀴,2025-07-15
628,"구글, 멧세라에 1.3억弗 투자…비만치료제株 들썩",2025-07-15
629,"SNT, 스맥 인수 노리나 … 최대주주 재등극",2025-07-15
630,"팰런티어·앱러빈·로빈후드·코인베이스 ""이젠 PARC 4총사 시대""",2025-07-15
631,韓·美·中 대장주 위에 우뚝 선 비트코인,2025-07-15
632,S&P·나스닥 훈풍에…美지수 ETF에 관심 쏠린다,2025-07-15
633,"""주가 오를때 먹고 나오자"" 채권 주식전환 역대 최대",2025-07-15
634,비트코인 치솟는데…웃지 못하는 커버드콜ETF,2025-07-15
635,코스피 어디까지…방향성 놓고 '베팅' 가열,2025-07-15
636,"""美 S&P500 장외 대장주에 주목하라""",2025-07-15
637,또 역대급 실적…화장품 ODM 질주 더 간다,2025-07-15
638,내부 정보로 주식 샀더니 이틀 상한가…수억 번 SBS 직원 '덜미',2025-07-15
639,‘희망고문’된 MSCI 선진 지수 편입…지배구조 개선에 달렸다,2025-07-15
640,"미래에셋만 너무 비싸다?…""PBR 1.2배도 가능""",2025-07-15
641,"도우인시스, 일반 청약 경쟁률 664.21대 1…청약 증거금 3조7202억",2025-07-15
642,이재명 정부 첫 기업 총수 징계…'부정거래' 방시혁 검찰통보,2025-07-16
643,"“자사주는 묶고, 배임은 푼다”…與, 상법 개정 연쇄 추진",2025-07-16
644,글로벌 금융시장 흔드는 월가 MZ세대 한인들,2025-07-16
645,"실적도 안 좋고, 전망도 어두운데…HMM, 주가 오르는 이유는?[주톡피아]",2025-07-16
646,"[단독] 금융위, 대체거래소 거래량 제한 적용 유예 검토",2025-07-16
647,"""하반기 국내 주도주 '조방원증바'…해외는 AI SW종목 주목해야"" [머니트렌드 2025]",2025-07-16
648,불뿜는 코스피 식힌 美물가…금융·증권 약세,2025-07-16
649,방산주 뜨거운데 … 미국선 드론주만 훨훨,2025-07-16
650,일찌감치 관세 해결한 보람있네 … 천장 뚫은 英증시,2025-07-16
651,수장 공백 길어지는 금융당국… 혼란 속 시장은 '스톱'[기자수첩],2025-07-16
652,"관세 내성 생긴 韓美 증시 ""하반기에도 조방원·AI빅테크 주도주 계속""[머니트렌드 2025]",2025-07-16
653,“10년 단위 증여 계획 세워라…해외주식이 절세 효과 높아” [머니트렌드 2025],2025-07-16
654,"""단숨에 너무 올랐나""…증권가, 증권株 증거금률 상향",2025-07-16
655,같은 인적분할인데…삼양 뛰고 하나마이크론은 급락,2025-07-16
656,"'염블리' 염승환 ""지금 투자해도 늦지 않았다…코스피 4000포인트까지 상승 가능"" [머니트렌드 2025]",2025-07-16
657,글로벌 희토류 확보 경쟁에 노바텍·EG 등 테마주 들썩,2025-07-16
658,"젬백스 BW 투자자, 1년 만에 389% 수익률 눈앞",2025-07-16
659,"ETF 상위, 미국이 사라졌다…국내주식형 7.5조 뭉칫돈 [투자토크]",2025-07-16
660,‘이 회사’ 없인 국군 총·대포 한 발 못 쏜다…‘역대 최고가·이재명 정부 수익률 1위’ 찍고 더 오르다는데 [종목Pick],2025-07-16
661,엔비디아 뛰자 삼성전자도 '꿈틀'…6만 5000원 눈앞[핫종목],2025-07-16
662,“비트코인 말고 우리도 있어요”...하루 1조씩 몰리는 이더리움ETF,2025-07-17
663,"""美 증시 고평가…지금이 아태 증시 분산투자 기회""",2025-07-17
664,상폐 위기서 기사회생?…가상화폐로 돌파구 찾는 상장사들,2025-07-17
665,“코리아 프리미엄 시대 갈 골든타임… 배당 확대·규제 유연화 필요”[오늘의 DT인],2025-07-17
666,자사주 소각 3년안도 발의…“증시 부담 완화”vs“지배주주 악용”,2025-07-17
667,"포스코퓨처엠, 1.1조 원 조달…유증 발행가 9만 6400원 확정 [마켓시그널]",2025-07-17
668,"외국인, 증시 수급 주도할 때…존재감 사라진 기관",2025-07-17
669,'뉴삼성' 기대… 삼성전자 '7만전자' 눈앞,2025-07-17
670,또 외국계 보고서에…하이닉스 시총 19조 증발,2025-07-17
671,이더리움ETF 1조 몰리자 알트코인도 덩달아 '들썩',2025-07-17
672,美中갈등 해소 조짐에…부활하는 홍콩테크株,2025-07-17
673,"'몸값 2조' 대한조선 출사표…""수익성 자신있다"" [IPO톡톡]",2025-07-17
674,외국계 보고서에 반도체 대장株 희비,2025-07-17
675,진격의 불개미…주식계좌 한달새 100만개 '쑥',2025-07-17
676,"“AI 투자가 더 중요” ··· 카카오페이, 쓱페이 인수 안 한다",2025-07-17
677,다자녀 신용카드 공제 확대…학원비 세액 공제도 검토,2025-07-17
678,"호실적 美은행들…""규제완화·배당확대 호재""",2025-07-17
679,美 '크립토 3법' 통과 기대…가상자산 새 시대 임박,2025-07-17
680,"한전·우리금융·KT·포스코, 본주보다 ADR이 더 올랐다",2025-07-17
681,"""깜짝 1등"" 드디어 '2차전지' 뛰었는데…'경고' 나온 까닭",2025-07-17
682,삼양식품 새 사옥 '남산N타워' 다음달 준공…본PF 10월 만기,2025-07-18
683,美서 韓 배당주로 머니 무브…순자산총액 반년만에 6.5배[ETF줌인],2025-07-18
684,엇갈리는 신평사 시각…늘어난 스플릿에 조달 비상[마켓인],2025-07-18
685,[단독] 아시아 단일 종목 레버리지 ETF 또 나온다…SK하닉 유력,2025-07-18
686,中 흑연 때린 트럼프…韓 2차전지株 날았다,2025-07-18
687,"NH·한토신, SK 코원에너지 대치동 부지 인수한다",2025-07-18
688,롯데렌탈 유증 논란…이사충실의무 1호 사례되나,2025-07-18
689,숨고르기 돌입한 코스피…저평가 '숨은 진株' 노려라,2025-07-18
690,外人 매도 폭탄에 휘청이는 네이버,2025-07-18
691,"'외국인 폭풍매수' 삼성전자, 7만 고지 보인다",2025-07-18
692,"원화 스테이블코인, '국제화 기회'일까 '외환 리스크' 될까",2025-07-18
693,중국개미들까지 빠져나가니 금값 이제 금값 아니네,2025-07-18
694,"""드디어 달린다"" 로보택시…미·중 핵심주 한바구니에 [미다스의 손]",2025-07-18
695,미국 주식에 너무 몰렸나...포트폴리오 재분배 최적 시점은?,2025-07-18
696,"""꼬마빌딩 월세보다 짭짤"" 요즘 강남부자들은 고배당ETF에 꽂혔다",2025-07-18
697,"""은행주 담자"" 월가 열풍 … 국내 자산가들도 ""韓美은행주 분산투자""",2025-07-18
698,"‘상승 출발’ 코스피, 개미 차익실현에 3180대 ‘후퇴’…코스닥은 이틀 연속 상승 [투자360]",2025-07-18
699,'소외주' 2차전지株 불붙었다…포스코퓨처엠 20% 급등[핫종목],2025-07-18
700,코스피 약보합 마감… 2차전지株는 강세[마켓뷰],2025-07-18
701,“장중 한때 14.6% 급등” 스테이블코인株 ‘들썩’…美하원 가상자산 3법 통과에 기대감 ‘뿜뿜’ [투자360],2025-07-18
702,'1+1 분양' 신청 시 이주비 0원…대출 규제 유탄 맞은 재개발,2025-07-21
703,드디어 삼전의 시간?…‘6만전자’ 탈출 눈앞[주톡피아],2025-07-21
704,견고한 경제지표·실적에… 美주식 사모으는 서학개미들 [개미들 다시 美 증시로],2025-07-21
705,방산주 숨고르는 사이 재빠르게 올라탄 외국인,2025-07-21
706,"SK하이닉스, '골드만삭스 쇼크' 딛고 반등…""과도한 우려 지양""",2025-07-21
707,알트코인 질주에 … K코인 상장도 역대급,2025-07-21
708,중소형株→대형株…3천피 핵심 선수교체,2025-07-21
709,"""삼전이 달라졌어요""… 목표주가 줄상향",2025-07-21
710,개인도 초기 벤처에 자유롭게 투자한다,2025-07-21
711,"""원·달러 환율 치솟아도 산다""…外人 찜한 키움證·LG유플",2025-07-21
712,"이달 12% 뛴 삼성전자, 개미 드디어 '플러스'",2025-07-21
713,사법리스크 끝났다…삼성그룹 ETF의 반격 [투자토크],2025-07-21
714,저PBR株 숨고르기…이젠 '고ROE株' 노려볼까,2025-07-21
715,급등장 경계…'목표가 올리고 투자의견은 하향' 늘었다,2025-07-21
716,"""집중투표제 의무화, 적대적 M&A 악용 위험""",2025-07-21
717,공매도 타깃된 ESR켄달스퀘어리츠…신주 상장 앞두고 공매도 잔액 7배 불어 [이런국장 저런주식],2025-07-21
718,"증권거래세 인상 카드 만지작…""증시 상승 제동 걸릴라""",2025-07-21
719,매일 한 건씩 나오는 상법 개정안…모호한 개념에 기업 '우왕좌왕',2025-07-21
720,ISA 만기자금 절세 팁[투자의 창],2025-07-21
721,‘좀비기업 양산소’ 된 기술특례상장… 수백억 손실에도 상장유지,2025-07-21
722,미국이 첫발 뗀 스테이블코인…'테마주 열기' 속 옥석 가려야[주톡피아],2025-07-22
723,금투세 폐지에 증권거래세 ‘원복’… ‘붕 뜬’ 가상자산세 어쩌나,2025-07-22
724,"""이젠 중소형주""… 코스닥 가는 개미들",2025-07-22
725,美증시에 '코리아 ETF' 열풍… 석달새 2조 몰렸다,2025-07-22
726,빅테크 2분기 성적표 나온다…구글·테슬라 23일 실적발표,2025-07-22
727,테마형·파킹형 맞춤투자 매력 … 슈퍼리치도 돈 싸들고 ETF로,2025-07-22
728,전세계가 ETF 열풍 … 자산 17조弗 사상최대,2025-07-22
729,7월 IPO 신청 '제로'...3천피에 때아닌 한파,2025-07-22
730,"""미래 운명 다했다""…한국거래소 로비에 걸린 '근조 현수막' 왜?",2025-07-22
731,"거래대금 절반 잠식한 NXT…거래소, '12시간 거래' 추진한다",2025-07-22
732,"‘조단위 대어’ 에식스솔루션즈, 9월 코스피 예심 청구한다",2025-07-22
733,"외국인 ""팔자"" … 코스피 허니문 랠리 주춤",2025-07-22
734,국내 거래액 50% 급증 스테이블코인도 활기,2025-07-22
735,불장 맞은 알트코인… 솔라나로 '바통터치',2025-07-22
736,"연일 천장 뚫는 美 증시 아찔 월가 ""IT버블때보다 고평가""",2025-07-22
737,"""금리 오를만큼 올랐다""…개미, 美국채 베팅",2025-07-22
738,ETF도 배당이 대세…美 아닌 국내 주식형에 뭉칫돈,2025-07-22
739,"'국민 재테크' ETF, 국내 첫 상장 23년만에 1000개 넘었다",2025-07-22
740,SK하이닉스·한화에어로·네오위즈…'깜짝 실적' 기대주 담아볼까,2025-07-22
741,8월 MSCI 정기변경 “LIG넥스원·두산·효성중공업 편입 유력”,2025-07-22
742,“금융감독 개편 핵심은 모피아 해체… 정책 분리해 관치금융 해소”[오늘의 DT인],2025-07-23
743,"고공행진 한화그룹주, 기관은 계속 산다",2025-07-23
744,되살아나는 '빚투' 22조 육박…희토류·게임·고배당 ETF 베팅,2025-07-23
745,日 관세협상 타결에 … 현대차 주가 훨훨,2025-07-23
746,'갤럭시Z폴드' 흥행 힘입어 도우인시스 첫날 39% 상승,2025-07-23
747,배당 늘려야 개미·외인 투자 느는데…'오천피' 기대감 찬물,2025-07-23
748,빠른 순환매 못 따라간 개미…코스피보다 수익률 저조,2025-07-23
749,중국·홍콩 증시 올해 최고치 경신…”외국인 투자 돌아온다“,2025-07-23
750,'M7' 대신 가상자산에 꽃힌 서학개미,2025-07-23
751,서학개미가 6% 보유한 조비…한 달 새 주가 95% 올라,2025-07-23
752,주식 거래액 6조 늘때 코인은 8조 줄어…증시로 '머니무브',2025-07-23
753,정책 힘입어 태양광株 '맑음' 美퍼스트솔라·中퉁웨이 쑥,2025-07-23
754,[단독] 尹 감세정책 뒤집는다…정부 '패키지 증세' 추진,2025-07-23
755,日재정 불안·금리인상 가능성에…고개 드는 '엔캐리 청산' 우려,2025-07-23
756,너무 올랐나…증권·보험주 투자의견 줄하향,2025-07-23
757,"""원화 스테이블코인, 인가제 및 1:1 담보 의무화 방향으로 제도화""",2025-07-23
758,"“스테이블코인, 상환청구권 보장 등 투자자 보호 장치 필요” [투자360]",2025-07-23
759,"헤일로 ""지니틱스 경영진, 최대주주 의결권 행사 방해…법적대응 나설 것""",2025-07-23
760,"""USDT 글로벌 퇴출 가속화…한국만 여전히 대규모 거래""",2025-07-23
761,"""주식 팔아치우고 갈아탔어요""…요즘 개미들 꽂혔다는데",2025-07-23
762,"모태펀드 바이오 펀드 '단독 선정'에 VC들 ""기회 축소 우려""[마켓인]",2025-07-24
763,"현대차, ‘美 관세 협상’에 주가 오르락내리락…“한미 통상협의가 관건”[주톡피아]",2025-07-24
764,'불장'에도…증권사 채용은 바늘구멍,2025-07-24
765,"""탄탄한 AI 수요 확인""…M7 탄력 받는다",2025-07-24
766,코스피 3개·코스닥 14개 좀비기업 과감하게 아웃,2025-07-24
767,테슬라 급후진에 … 서학개미도 '철렁',2025-07-24
768,올 수익률 70%…시장 이긴 액티브 ETF,2025-07-24
769,"옵티코어, 이차전지 스타트업과 시너지? 물품대금도 지급 못했는데…",2025-07-24
770,[단독] 美주간거래 중단에도 매달 20만弗 헌납…'블루오션' 방치하는 금감원·금투협,2025-07-24
771,"""약달러에 금리도 내려…韓美증시 더 간다""",2025-07-24
772,배당성향 35% 일괄 적용땐 개인투자자 소외된다,2025-07-24
773,"글랜우드, 캐나다 연금서 1억弗 투자 유치",2025-07-24
774,한미 통상협의 연기 소식에… 코스피 연고점 돌파 후 3190선 후퇴,2025-07-24
775,증권거래세 부활로 가닥...진짜는 대주주 양도세,2025-07-24
776,"국고채 10년물 대차, 보름 동안 1조원 넘게 급증…가격 저점 찍었나",2025-07-24
777,"증권사, 2분기 실적 '두 자릿수 반등' 예고…하반기 랠리 신호탄",2025-07-24
778,"디케이앤디, 자사주 소각으로 주주환원 강화…""신사업 M&A도 검토""[코스닥人]",2025-07-24
779,장기성과 높여라…성과보상 체계 바꾸는 국민연금,2025-07-24
780,"서학개미도, 동학개미도… ‘고배당 ETF·펀드’로 자금 쏠림",2025-07-24
781,서학개미 투심 빅테크서 코인주로 우르르,2025-07-24
782,"“개미는 몇만 원, 재벌은 수십억…배당 불평등 심화”",2025-07-25
783,"""신짜오 베트남""…VN지수 천정 뚫었다",2025-07-25
784,"‘5조원’ 조달한 SK이노베이션, SK온 투자사에게 투자원금 돌려준다",2025-07-25
785,방산·지주사株…MSCI 편입 기대감 '솔솔',2025-07-25
786,코스피 횡보 장세에도 코스닥 반사이익 없어,2025-07-25
787,"탐욕 앞에 사라진 논리, 수익률 곤두박질",2025-07-25
788,적대적 M&A에 맞서 '기업 정관' 손질한다,2025-07-25
789,관세 불확실성에 눈치보기 장세…코스피 거래량 4개월만에 '최소',2025-07-25
790,"中 전기차서 빠져나온 투자자, 금맥 캔다",2025-07-25
791,밈 주식 열풍 재점화했지만…‘폭발력’ 부족한 이유는?,2025-07-25
792,美관세 협상 주시하는 코스피… 3200선 문턱서 '숨 고르기',2025-07-25
793,美 빅테크 다시 거품론…급락장 방어 ETF 등장 [미다스의 손],2025-07-25
794,"베인캐피탈, 고려아연 지분 담보대출 대환... 금리 5.7→6.3%",2025-07-25
795,"""머스크, 비트코인 얘기 왜 안하나 했더니""…3년 전 '손절' 결과는?",2025-07-25
796,"""거래량 12배 터졌다"" LGD, 실적 반등 기대에 9% 상승[핫종목]",2025-07-25
797,코스피 '한미 무역협상 관망' 강보합 마감…외인·기관 순매수(종합),2025-07-25
798,"포스코퓨처엠, 유증 실권주에 ‘사상 최대’ 8.6조원 뭉칫돈",2025-07-25
799,"코스피, 관세협상 긴장감 속 3190선 상승 마감…코스닥↓",2025-07-25
800,"3200선에서 고개 숙이는 코스피, 4000피 고지는 언제쯤",2025-07-25
801,"다시 불붙은 스테이블 코인 관련주…카카오페이, 10%대 급등 [핫종목]",2025-07-25
802,증권사 시총 반년새 2배 껑충… 금융플랫폼 진화,2025-07-28
803,"""머스크 형이 밀어준대""…삼성전자, 11개월 만에 7만원 돌파",2025-07-28
804,정치 테마주 꺼지자…스테이블코인株에 옮겨붙은 투자 과열,2025-07-28
805,계속되는 알트코인 열풍 바이낸스코인 천장 뚫어,2025-07-28
806,널뛰는 'DORK'…美 4년 만에 밈주식 열풍 재연,2025-07-28
807,"""슈퍼리치들 국장에 쏠 실탄 늘리는 중""",2025-07-28
808,"2년전 국민연금 외면했던 SK, 이번엔 갚을까",2025-07-28
809,"삼성운용, 커버드콜 뺀 금융 고배당 ETF 선보인다",2025-07-28
810,“나스닥 올라도 내 돈은 왜 그대로?”…해외펀드 투자자 불만 급증,2025-07-28
811,"비트코인으로 한 방 노리나…적자 코스닥社, 사업목적 '가상화폐 매매' 추가 봇물",2025-07-28
812,글로벌 반도체주 웃었지만 'ETF' 상품은 희비 엇갈려,2025-07-28
813,11개월 만에 드디어 …  '7만전자' 복귀,2025-07-28
814,국내 증시 달구는 부스트업[투자의 창],2025-07-28
815,11개월만에 '7만전자'…외인 3개월째 코스피 순매수 확대,2025-07-28
816,“금리 낮아진다”…채권형 공모펀드에 兆단위 뭉칫돈,2025-07-28
817,"HS효성, 타이어스틸코드 매각 우협에 베인캐피탈 선정 [시그널]",2025-07-28
818,'배당소득 분리과세'…배당 ETF에 8천억 몰려 [투자토크],2025-07-28
819,한달새 20% 오른 2차전지 ETF…더 갈까,2025-07-28
820,주가 100만원 돌파 노린다…다음 ‘황제주’에 쏠린 눈,2025-07-28
821,'한미 조선 협력 프로젝트' 통할까…한화오션 8%대 급등[핫종목],2025-07-28
822,해외 큰손 '픽' 주목…고배당주로 쏠리는 시선,2025-07-29
823,상법 개정으로 ‘LG엔솔 분할’도 주주 공평대우 문제 삼을 수 있다,2025-07-29
824,'코스피 5000'으로 가는 길…상법도 세법도 '험난',2025-07-29
825,"잘 달리던 증권株, ‘분리과세 재검토’에 흔들",2025-07-29
826,日증시 '역사적 신고가' 부근서 털고 나온 일학개미,2025-07-29
827,"테슬라에 실망한 서학개미, 한달간 7000억 팔았다",2025-07-29
828,"""투자에 쓸 실탄 쟁이자"" 돈 몰리는 파킹형 ETF",2025-07-29
829,비트코인보다 낫다?…이더리움 모으는 美,2025-07-29
830,비트코인은 비싸다?…돈 몰리는 알트코인 [투자360],2025-07-29
831,"질주하던 K뷰티 주춤…""수출 견조, 저가 매수 나설만""",2025-07-29
832,"다시 물들어온 조선주, 'MASGA' 추진에 들썩",2025-07-29
833,"해외 큰손, 고배당주 사고 건설주 팔았다",2025-07-29
834,"새주인 찾는 홈플러스…농협, 구원투수 될까",2025-07-29
835,"""시장 대응력이 중요…지금은 현금 들고 있을 때""",2025-07-29
836,"""서울 집값도 안되는 대주주 기준…이러면 주식 하겠나""",2025-07-29
837,달러 강세 재료된 관세협상…1400원 위협하는 환율,2025-07-29
838,"아이티켐, 청약증거금 7.57조원 모아…올해 코스닥 상장 기업 중 최대",2025-07-29
839,"""산재 사망사고 상습·반복기업, 주가 폭락"" 경고한 李대통령… 강력한 보완 대책 예고",2025-07-29
840,"[단독] LB자산운용, TCC동양타워·데이터센터 개발 사업권 통매각 추진",2025-07-29
841,멀티에셋 전략이 필요한 때[투자의 창],2025-07-29
842,"""효자종목에 집중 투자하는 ETF라더니""…한달 20% '불기둥'",2025-07-30
843,"""20년 성장한 PEF 최대 위기…기업의 자금 수혈 역할도 봐달라""",2025-07-30
844,"“코스피 3000, 기업이 한 일 있나?…이제 실제 변화 보여줘야”",2025-07-30
845,"비트코인 투자한 美 공화당, M7 집중한 민주당 제쳤다",2025-07-30
846,"엠에이치건설, 광명전기 지분인수 한달만에 손절...이유는?",2025-07-30
847,추락하던 보잉…관세전쟁 수혜 업고 6년만에 비상,2025-07-30
848,비만치료제 출혈경쟁 예고…1위 위고비 제약사도 울상,2025-07-30
849,소수종목에 압축 투자…'집중형 ETF' 뜬다,2025-07-30
850,'8만전자' 기대에도…삼성전자 공매도 급증,2025-07-30
851,ISA 올 상반기 7.5조 급증…稅혜택 확대는 '하세월',2025-07-30
852,엇갈리는 7만전자 베팅…외인 매수세 속 공매도도 쑥,2025-07-30
853,"베인캐피탈, HS효성 타이어 스틸코드 8000억에 품는다 [시그널]",2025-07-30
854,원익IPS·솔브레인 20%대 급등…반도체 소부장 상승 랠리,2025-07-30
855,AI데이터센터 열풍 업고 광통신株 숨은 수혜주로,2025-07-30
856,위고비도 가다실도 '골골'… 제약株 급락,2025-07-30
857,"피델리티·골드만 떠날 때도 버틴 박현주…단숨에 '쉐어칸' 인수[다시, KOREA 미러클]",2025-07-30
858,"장기 불황 터널 지날까...기관 자금 업은 화학株, 옥석가리기",2025-07-30
859,"한국거래소, 거래시간 연장 추진...증권사 시뮬레이션",2025-07-30
860,"TPG, 2조규모 亞 중견기업 투자펀드 만든다",2025-07-30
861,풋옵션 조기상환일 임박한 케이옥션 “금리 올려줄 테니 행사하지 마”,2025-07-30
862,증시 대기자금 200조 재돌파 목전… 관세 불확실성 해소에 ‘8월 랠리’ 기대감,2025-07-31
863,주식 팔고 ETF 사는 개미… 순환매 장세 분산투자,2025-07-31
864,'찔끔 감세'에 실망…금융·배당株 주르륵,2025-07-31
865,"몸 키우는 NH증권, 농협지주서 자금 지원 받아 IMA ‘도전’ [투자360]",2025-07-31
866,"거래소, 운영시간 연장…넥스트레이드에 반격",2025-07-31
867,'깐부' 아닌 라이벌…반대로 움직이는 삼성전자·하이닉스,2025-07-31
868,AI 서비스가 효자였다…MS·메타 2분기 웃음꽃,2025-07-31
869,유나이티드헬스에 물린 서학개미,2025-07-31
870,관세 타결에도…코스피 '세금 포비아'에 멈칫,2025-07-31
871,"""부동산 없는 개미에 던진 세금 폭탄""…증세 시동에 '싸늘한 투심' [2025 세제개편]",2025-07-31
872,韓 증시는 숨 고르기…요동치던 환율도 '잠잠',2025-07-31
873,주식 10억원 보유자도 ‘대주주’…양도세 부과 기준 강화에 우려 확산,2025-07-31
874,‘제로’였던 코스피 거래세 다시 낸다…세수 확대 효과는,2025-07-31
875,배당소득 분리과세 최고세율 35%…“효과 미미” 우려,2025-07-31
876,배터리·방산 대신 '삼전ETF'로 자금 몰린다,2025-07-31
877,"NH증권, 농협지주서 자금 수혈 받아 IMA 사업 신청(종합)",2025-07-31
878,“물 들어올 때 노저어라” 조선주 대장 한화오션 13%대 급등 [종목Pick],2025-07-31
879,관세 선반영에 韓 증시 보합권 마감…실물경제 영향에 주목,2025-07-31
880,"‘중복상장’ 족쇄 푼 SK온, 미국 상장할 가능성에 무게",2025-07-31
881,"‘당근과 채찍’ 세제개편…“코스피, 단기 노이즈 극복 후 상승할 것” [투자360]",2025-07-31
882,가상자산 주목받는 두 기업,2025-08-01
883,"""FAANG은 한물갔다"" 큰거 한방 노리는 MZ개미 젊은 기업 PARC으로 풀액셀",2025-08-01
884,대주주 양도세 강화가 부른 '검은 금요일'… 외국인도 던졌다,2025-08-01
885,관세·증세 '이중 악재'…조선株 빼곤 '와르르',2025-08-01
886,숨고르는 바이오株…“지금이 가장 쌀 수도” [마켓시그널],2025-08-01
887,"HLB, 생명과학과 합병 전격 철회…주주 반대 발목 [마켓시그널]",2025-08-01
888,"대통령실 ""세제개편 충격 아냐"" 與 ""시장 거짓말 안해""",2025-08-01
889,[단독] 거래세 75% 내는데…원상복구에 개미 부글,2025-08-01
890,"‘MASGA’ 프로젝트, 엇갈리는 조선 3사 명암 [주톡피아]",2025-08-01
891,'오천피' 기대에 찬물…관세협상 실패한 대만보다 8배 넘게 하락,2025-08-01
892,세제개편 발작…나홀로 '검은 금요일',2025-08-01
893,"[단독] 한투, 상반기만 영업익 1조…증권가 새역사",2025-08-01
894,대주주 기준 '10억원'에 슈퍼개미 '꿈틀'… 민주당 내에서도 파열음,2025-08-01
895,“주식 안 해봤다” 진성준에 분노…동학개미 ‘국민청원’까지,2025-08-01
896,세재개편 실망 '검은 금요일'…매도 폭탄에 코스피 120P 뒷걸음질,2025-08-01
897,스트래티지 2분기 영업익 20조…‘금융상품 구조’ 우선주로 비트코인 대규모 매집,2025-08-01
898,"에스엔시스,'실적악화·중국 리스크' 해소 방안 있을까",2025-08-01
899,"‘IPO 대어’ 대한조선, 코스피 상장 첫날 85% 급등 [종목Pick]",2025-08-01
900,코스피 급락장 속 外人 픽은 ‘현대차’… 방산·조선 차익실현에 기관은 ‘줍줍’ [투자360],2025-08-01
901,"""국장은 역시 믿을 게 못 돼""… 베일 벗은 세제개편안에 개미들 반발",2025-08-01
902,대한조선 흥행 이어가자… 이달에만 7곳 IPO 뛰어든다,2025-08-04
903,"""S&P500 연말 최고치 간다"" 코스피도 랠리 올라타나",2025-08-04
904,분리과세 실망감에… 힘빠진 고배당ETF [경제주체 흔드는 입법],2025-08-04
905,"풍산, 2분기 관세 폭탄에 ‘흔들’…“저평가 매력은 여전” [종목Pick]",2025-08-04
906,미리 보는 8월 IPO…조인방에 주목,2025-08-04
907,코스피 '폭싹 물렸수다?'…'이 종목'엔 희망있다[주톡피아],2025-08-04
908,“AX 추진에 맞춰 고유의 AI 케이스 발굴… 디지털 플랫폼 고도화할 것”[오늘의 DT인],2025-08-04
909,민간이 혁신 주체인 이스라엘에게 배우자[투자의 창],2025-08-04
910,하루 만에 1만5000원→3만8400원…요즘 부자들 '이것' 꽂혔다,2025-08-04
911,푹 꺼진 증시 속 홀로 웃었던 조선株…관세 수혜에 훈풍 이어지나,2025-08-04
912,"늘어나는 전략형 ETF…""복잡한 구조 꼼꼼히 따져야""",2025-08-04
913,"""고배당주 손에 꼽는데""…배당소득 분리과세 '미지수'",2025-08-04
914,"'30억 아파트' 팔 때보다 5배 세금폭탄…""누가 주식하겠나""",2025-08-04
915,"하나證 “삼전, 테슬라發 수주에 4% 상승…AI 수요에 반도체 실적 ‘탄력’”",2025-08-04
916,증세·관세發 단기조정에 베팅…인버스 늘린 외국인,2025-08-04
917,서머랠리 끝?…코스피 눈높이 낮춘 증권사,2025-08-04
918,이더리움株 몰린 서학개미…운용사는 코인 축소,2025-08-04
919,IMM인베 'AI 인프라' 투자에 1.5조 쏜다,2025-08-04
920,세제개편안에 고배당 ETF도 출렁… 간접수혜는 여전,2025-08-04
921,‘낙폭 과대’ 베팅 개미 웃었지만…“세금 불확실성에 변동장세 지속”,2025-08-04
922,증시 대기자금 연중 최고… 저가매수 타이밍 재는 개미,2025-08-05
923,‘어닝 쇼크’에 급등세 멈춘 풍산…매수 기회vs숨고를 때[주톡피아],2025-08-05
924,"[단독] 홈플러스 4개점 인수 관련 대출 5800억, 만기 1년 연장 성공",2025-08-05
925,'자사주 소각' LG유플 날개 외인 지분도 SKT 역전눈앞,2025-08-05
926,팰런티어 매출 10억弗 돌파 불붙은 주가에 기름 부었다,2025-08-05
927,국장 떠나는 개미…세제개편 실망에 미국 주식 7100억 원 풀매수,2025-08-05
928,"[단독] '100조 운용' 美 헤지펀드 밀레니엄, 韓 증시 4000억 투자",2025-08-05
929,‘마스가 훈풍’ 기대감…몸값 높이는 조선업 매물[마켓인],2025-08-05
930,[단독] 금감원  “위헌 소지 없다”…행정권 논란 정면 돌파,2025-08-05
931,"'국가대표 AI' 뛰어든 스타트업…""힘만 빼고 대기업 들러리 될라"" [긱스]",2025-08-05
932,'순환매 장세'에 2차전지株 뛰었지만…기관들 불안한 '줍줍',2025-08-05
933,2대주주 물량 나오는 LG CNS…주가 향방은,2025-08-05
934,"안방 다툼 끝났다…증권사, 美시장 직접 공략",2025-08-05
935,방전됐던 배터리株 '꿈틀',2025-08-05
936,"1년 만에 수익률 50%…에셋플러스, 사모펀드 조기 상환",2025-08-05
937,'가계대출 절반' 고심 끝에 전세대출도 조이는 은행들,2025-08-05
938,리튬 반등·ESS 기대감에 이차전지주 급등 [투자360],2025-08-05
939,"서머랠리에 포모 증세…전문가들 “코스피, 3000선은 지지선 구간”",2025-08-05
940,"""세제 개편 우려 과했나""…KB금융, 3.69% 상승 [핫종목]",2025-08-05
941,이틀째 상승 흐름 코스피…3200 코앞에서 마감,2025-08-05
942,500만 삼전 주주도 혜택 못받아…배당소득세 실효성 논란,2025-08-06
943,"[단독] 이랜드, 식음료 브랜드 무더기로 판다…여기만 남긴다는데",2025-08-06
944,대주주 기준 강화가 문제? 배당 분리과세가 더 큰 문제,2025-08-06
945,"2분기 실적시즌, 질주하는 방산·조선",2025-08-06
946,목표주가와 차이 큰 저평가주… 조정장 대안 급부상,2025-08-06
947,애경산업 이달 본입찰…‘큰손’ 태광산업에 쏠리는 눈[마켓인],2025-08-06
948,대주주는 외면하고 소액주주에 손벌린 티앤알바이오팹 [마켓시그널],2025-08-06
949,"""떨어지면 더 사라""…한국은 美 연금 부자처럼 왜 못하나",2025-08-06
950,반도체·헬스케어 아직 비싸지 않다[투자의 창],2025-08-06
951,"""하반기 ETF 키워드는 'AAA'…美 투자 비중 늘려야""",2025-08-06
952,"무역전쟁에도…美증시 진출한 中기업, 사상 최대 눈앞",2025-08-06
953,"‘마스가 수혜’ 조선주 훈풍에도…HD한국조선해양, 외국인은 이탈 [종목Pick]",2025-08-06
954,"“어게인 바이 코리아” KB증권, 코스피200 성과 눌렀다",2025-08-06
955,"에이피알 시총 8조 눈앞, 아모레 제치고 'K뷰티 원톱'",2025-08-06
956,"'조방원'이 뭐길래…""하반기에 더 오른다"" 수익률 폭발",2025-08-06
957,늪에 빠진 테슬라 … 빅테크ETF서 비중도 뚝,2025-08-06
958,"""K뷰티, 제발 팔아달라"" 사모펀드 잇단 러브콜에도 … 기업들은 '콧방귀'",2025-08-06
959,“빠르게 진화하는 AI 산업… ‘액티브 ETF’ 실질적인 대안될 수 있어”[오늘의 DT인],2025-08-06
960,기업들 코인 비축戰 … 이젠 솔라나도 산다,2025-08-06
961,지분 교환에 계열사 동원까지…진화하는 ‘자사주 꼼수’,2025-08-06
962,"카카오, 카카오엔터 매각 안 한다…""검토 중단 결정""",2025-08-07
963,해외주식펀드 '머니무브'… 中·日 팔고 美·유럽 샀다,2025-08-07
964,"""중국인 몰려온다"" 들썩…'130% 폭등' 이 종목, 더 간다?[주톡피아]",2025-08-07
965,"S2W, 갑작스러운 공모 철회에 VC 회수도 '일시 스톱'[마켓인]",2025-08-07
966,美주식도 토큰화 열풍 … 국내서 5분만에 결제 OK,2025-08-07
967,관세·실적부진 이중고 … 인도 증시 '털썩',2025-08-07
968,삼전·하이닉스 '희비' … 증권사 예측 맞았다,2025-08-07
969,해외투자도 잘나가네 … 증권가 실적 '高高',2025-08-07
970,'기금형 퇴직연금' 호주·영국 年 수익률 5~9%…韓의 3배,2025-08-07
971,유럽 선제 진출 덕에…'K배터리 소재' 협업 손길 잇따라,2025-08-07
972,"리츠, 업계 숙원 코스피200 지수 연내 편입 물 건너갔다",2025-08-07
973,"SMC, 美 반도체 관세 면제…주가 사상 최고치 경신",2025-08-07
974,'불장'에 웃은 증권사…줄줄이 최대 실적,2025-08-07
975,카카오엔터 매각 논의 없던일로···“주주구성 변경 검토 중단”,2025-08-07
976,"""하반기 코스피 예상치는 3300~3400, '코스피200' ETF 매수 추천""",2025-08-07
977,"'세계 1위' 달린 코스피…""세제개편 실망 걷어내야 다시 탄력""",2025-08-07
978,건설·조선·유통…'깜짝 실적' 업종 뜬다,2025-08-07
979,英 퇴직연금 가입률 88%…그 뒤엔 NEST 있었다,2025-08-07
980,일주일 만에 '4조' 몰린 곳이…개미들 베팅에 증권가 '깜짝',2025-08-07
981,400조 퇴직연금 '기금형 운용주체' 기싸움,2025-08-07
982,익명 커뮤니티 ‘디시인사이드’ 경영권 매각한다,2025-08-08
983,"""연장할 수밖에 없었다""…막힌 회수에 벤처펀드 '10년 전쟁'[마켓인]",2025-08-08
984,상장 3주 만에 50% 수익률 달성...조선주 ETF에 뭉칫돈,2025-08-08
985,"MSCI 편입 효과 약하네…증권가 ""다음 종목 노려야""",2025-08-08
986,"[단독] 금감원, '특허 사태' 인투셀 상장 과정 들여다본다",2025-08-08
987,홍콩 증시서 몸집 불리는 개미…中 기술주 집중 매수,2025-08-08
988,K푸드·뷰티 신바람…日대표기업 시총 제쳐,2025-08-08
989,"SK하이닉스와 시총 격차 다시 2배…""삼성전자, HBM 대형 계약해야 질주""",2025-08-08
990,"""8만전자 분기점은…"" 호재 쏟아진 삼성전자 '깜짝 전망'",2025-08-08
991,"LIG넥스원이 불붙인 고평가 논란…""방산주, 실적 대비 비싸""",2025-08-08
992,주주환원 수혜주 담아 올 수익률 38% 넘었다[ETF 줌인],2025-08-08
993,"""배당 분리과세 도입으로 2026년 말 코스피 3700 가능""",2025-08-08
994,"""카카오 '9만원' 가나요?""…물린 개미들, 본전 찾을까[주톡피아]",2025-08-08
995,"""크록스 올해 샀는데, 한물 갔다고?""…하루만에 30% 폭락 '쇼크'",2025-08-08
996,"위메이드, 2Q 영업손 285억…하반기 ‘미르M’·‘이미르’ 해외 진출로 실적 개선 속도[컨콜 종합]",2025-08-08
997,"'2분기 적자' 위메이드 ""원화 스테이블코인 컨소시엄 준비""(종합2보)",2025-08-08
998,미-러 회담에 방산주 ‘팔자’…코스피 닷새만에 하락 3210대 마감 [투자360],2025-08-08
999,"수출 바람 탄 K푸드·뷰티, 전통의 강호 J푸드·뷰티도 제친다",2025-08-08
1000,"러-우크라 전쟁 끝나나…LIG넥스원, 기관 순매도에 15%↓[핫종목]",2025-08-08
1001,"트럼프, '관세 250%' 폭탄 선언…""어쩌나"" 개미들 '부글부글'",2025-08-08
1002,“안 사면 무조건 손해”...‘안전제일’ 세계 최고 대학도 비트코인 1억달러 넘게 보유,2025-08-11
1003,"“실적 급등했는데 주가 왜 이러는 거야”...K뷰티 대장주, 죽 쑤는 이유는?",2025-08-11
1004,솔믹스 인수 우선협상대상자에 TKG태광 [fn마켓워치],2025-08-11
1005,국민연금 美 바스켓에 테슬라·아마존 더 담았다[마켓인],2025-08-11
1006,"연준, 잭슨홀서 물가 방점 찍나[투자의 창]",2025-08-11
1007,"최승환 신한투자證 연구원, 'PS일렉트로닉스' 8월 첫째 주 주간 수익률 1위",2025-08-11
1008,흥행 이어갈까…한라캐스트·JPI헬스케어 등 ‘공모주 청약 데이’[주톡피아],2025-08-11
1009,출퇴근길 거래 수요 잡아라… 국장·미장 거래시간 연장 준비 나선 증권가,2025-08-11
1010,"이차전지 ETF, 밸류 부담에도 급반등",2025-08-11
1011,퇴직연금 깨고 '내집마련'…아직 부동산 올인하는 韓,2025-08-11
1012,"'개미는 평생 비과세'…日 2040, 예금 깨고 NISA로 돈 굴린다",2025-08-11
1013,"회사 믿고 청약한 직원들, 1년 만에 수익 2.5배 늘어 [이런국장 저런주식]",2025-08-11
1014,테더가 5만원권 지폐로...ATM에서 바로 출금,2025-08-11
1015,"하버드大도 ""사자"" 비트코인 다시 급등",2025-08-11
1016,"코스닥, 배터리·엔터만 웃는다 개미 이탈에 거래규모 2조 '뚝'",2025-08-11
1017,IPO 문턱 높이자 … 신규상장 씨 말랐네,2025-08-11
1018,여천NCC 유동성 위기에 … 회사채 투자자 손실 '경고등',2025-08-11
1019,"""또 자진상폐""…코오롱, 모빌리티그룹 공개매수가에 불만 속출",2025-08-11
1020,9월 연준 금리인하 전망 '쑥'...美장기채 들어가볼까,2025-08-11
1021,달바·한국콜마 '어닝쇼크'…일제히 주저앉은 화장품주,2025-08-11
1022,[단독] ‘크리넥스’ 누구 품에 안길까…유한킴벌리 화장지사업부 팔린다,2025-08-12
1023,"""지배주주 세율 더 낮춰야""…배당 분리과세 재검토 요구하는 개미들",2025-08-12
1024,"소액주주가 절반 가져가는데…""감액배당 과세땐 주주환원 위축""",2025-08-12
1025,"""증시 고점 왔다""… 거래대금 줄고 '빚투개미'는 인버스로",2025-08-12
1026,"한국금융지주, 사상 첫 신종자본증권 발행…9월 최대 5000억 원 [마켓시그널]",2025-08-12
1027,'반도체·상사株 훈풍' 닛케이 1년 만에 사상 최고…'양도세 발목' 코스피 3200 내줘,2025-08-12
1028,"[단독] 유한킴벌리, 화장지사업부 판다",2025-08-12
1029,"상속세로 받은 주식 6조…정부 ""방만기업 CEO는 교체"" 엄포",2025-08-12
1030,어닝시즌에 쏟아진 '매도 리포트' 왜?,2025-08-12
1031,마이크론 실적전망 높여…힘받는 반도체株,2025-08-12
1032,‘영업익 반토막’ 메디톡스…8년 전 ‘디레이팅’ 공포 목표가 43%↓,2025-08-12
1033,美 채권 ETF에 일주일새 20조원 몰렸다,2025-08-12
1034,"""연 4% 이자에 매매차익까지""…강남 큰손, 1.6조 뭉칫돈 '베팅'",2025-08-12
1035,"'하이 리턴' 꿈꾸지만…예금에 돈 묻어둔 30대, 4050보다 많다",2025-08-12
1036,"관세 우려 털고 소니·닌텐도 뛰고…닛케이, 천장 뚫었다",2025-08-12
1037,"파마리서치, 주가 70만원 ‘노크’…증권가 목표가는 또 상향",2025-08-12
1038,'100조 시장' 발행어음...삼성證 인가 1순위,2025-08-12
1039,“현금 많은데 왜”…14년만 회사채 발행하는 대한전선 속내는?,2025-08-12
1040,美 국채에 꽂힌 개미…한 달만에 1.6조 쓸어담았다,2025-08-12
1041,성수·목동 국유지에 신혼주택 추가로 짓는다,2025-08-12
1042,“스팩 장점 사라졌다”…합병 성사 0건에 증권사 신규 상장도 저조,2025-08-13
1043,비수기 지나 회사채 시장 북적…SK·한화 등장,2025-08-13
1044,세제개편안 실망감 반영된 증권주… 남은 기대는 '배당수익률',2025-08-13
1045,"전진바이오팜, 경영권 분쟁에 주가만 출렁…주총 가처분 결과 '촉각'",2025-08-13
1046,'실적 실망' 공매도 표적 된 화장품주,2025-08-13
1047,"팬오션, LS 지분 신규취득 호반그룹 우군으로 나서나",2025-08-13
1048,"웨스턴유니언, 자체 스테이블코인 발행 검토",2025-08-13
1049,비만치료제 ‘양대 산맥’ 주가 동반 하락…릴리의 주가회복 가능할까 [종목Pick],2025-08-13
1050,나스닥 액티브 ETF '고공행진'…레버리지도 이겼다,2025-08-13
1051,"""그간 너무 올랐나""…JP모건, 한국콜마·코스맥스 목표주가 하향조정",2025-08-13
1052,"'무늬만 밸류업' 하더니…셀트리온, 공매도 거래 하루 만에 3배 급증",2025-08-13
1053,하반기 회사채 시장 활기 … SK·한화 등판,2025-08-13
1054,위고비 이긴 마운자로 서학개미도 푹 빠졌네,2025-08-13
1055,금리 인하 기대 커지자 … 기지개 켜는 美중소형주,2025-08-13
1056,"""스테이블코인 업고 … 美핀테크주 더 뛴다""",2025-08-13
1057,크린토피아 예비입찰 임박…JKL 5500억 잭팟 터질까[마켓인],2025-08-13
1058,"돈 많이 벌면 ""위험 경고""…'노인 빈곤율 1위' 한국의 민낯",2025-08-13
1059,거래시간 연장이 5천피 해답?…졸속 추진에 혼선,2025-08-13
1060,"""내비·결제 가능한 AI 안경 출시""…중학개미 순매수 1위 종목 [조아라의 차이나스톡]",2025-08-13
1061,"ETF 출시 경쟁 격화… 중소형 운용사, ‘틈새시장’ 정조준[THE FINANCE]",2025-08-13
1062,올 상반기에만 57억 원 수령…김남구 회장 금융권 연봉왕 등극,2025-08-14
1063,힘받는 게임·전력·카지노주… 깜짝 실적에 목표가 상향,2025-08-14
1064,"""그래도 국민주""…'소액주주 500만' 지켰다",2025-08-14
1065,‘테슬라·삼성전자’…7월 투자자 최애 종목 다시 입증했다,2025-08-14
1066,"가상자산 거래소 불리시, 뉴욕증시 데뷔 첫날 84% 급등",2025-08-14
1067,불리시 '화려한 데뷔'…크립토기업 IPO 눈독,2025-08-14
1068,증시 호황에 보상도 두둑 김남구 회장 57억원 받아,2025-08-14
1069,"SK실트론, 올해 2분기 영업익 538억원…전분기 대비 42.1%↑",2025-08-14
1070,"킵스파마, '제약사 간판' 달고 첫 반기 매출 840억원… ""적자사업부 분리 수순""",2025-08-14
1071,외국인이 사면 오른다…수급 주목하는 증권가,2025-08-14
1072,"한투 김남구, 상반기 증권서만 45억 수령…'스타 PB'는 16억",2025-08-14
1073,"HMM, 2조원대 자사주 소각 결정…주가 10%대 급등",2025-08-14
1074,"NEW, 2분기 흑자 전환…'좀비딸'로 하반기도 '청신호'",2025-08-14
1075,"""한국, 이대론 디지털 골든타임 놓칠 판""",2025-08-14
1076,"이더리움까지 … 코인 블랙홀 된 美, 현물 ETF 9종이 632만개 빨아들여",2025-08-14
1077,"HMM, 2조원 규모 자사주 공개매수·소각 결정…""주주 환원""",2025-08-14
1078,"금리 고점 찍었나…채권 공매도 베팅, 3개월 만에 최저",2025-08-14
1079,한국투자 김남구 57억 '연봉킹',2025-08-14
1080,"다날, 상반기 영업익 34억 전년비 68%↑",2025-08-14
1081,"이지스운용 인수전, 한화 vs 대신…3세 경영 대결",2025-08-14
1082,"해외주식 열풍에 신난 증권사, 상반기 수수료 1조 벌었다",2025-08-18
1083,"쉬고있는 금융주, 기관·외국인은 담고 있다",2025-08-18
1084,[단독] “갚아야 할 투자금만 수조원인데”...중복 상장 막힌 대기업 ‘돌려막기’에 골머리,2025-08-18
1085,버핏 ‘픽’하자 서학개미 ‘우르르’…월가 대가들 어디 투자했나[주톡피아],2025-08-18
1086,"[단독] “자회사 중복상장 금지”...사모펀드에 12조 청구서 받은 대기업, 자금조달 비상",2025-08-18
1087,① 상승 피로 ② 정책 실망 ③ 실적 부진 … 힘 빠지는 코스피,2025-08-18
1088,실적 기대 못미치자 … 화장품株 울상,2025-08-18
1089,"7월 날았던 이차전지 ETF, 8월 수익률도 상위권 휩쓸어",2025-08-18
1090,"단물 다 빠졌나…한샘, 올해는 배당 감감무소식",2025-08-18
1091,[단독] 사모펀드서 빌린돈 갚으려…기업들 비싼값에 '빚 돌려막기',2025-08-18
1092,NTT·이온 …日증시는 '자회사 상폐'로 밸류업,2025-08-18
1093,"민생회복쿠폰, 어디에 썼나 봤더니...2030은 ‘외식’, 40대 이상은 ‘생필품’",2025-08-18
1094,닛케이 최고치인데...한달째 지루한 박스피,2025-08-18
1095,"예고된 거래 중단에 투자자 혼선…""한국거래소 시간연장까지 거래중지 되풀이""",2025-08-18
1096,"넥스트레이드, 79개 종목 거래 막았다",2025-08-18
1097,일본·대만 증시 연일 ‘신고가’… 코스피는 또 ‘박스피’,2025-08-18
1098,위기가 아닌 반전의 중국[투자의 창],2025-08-18
1099,코스피 횡보에 中 투자…'차이나커버드콜' 등장 [투자토크],2025-08-18
1100,닛케이·가권지수 나란히 ‘사상 최고’…코스피만 급락,2025-08-18
1101,‘606대 1’ 액면병합 앞둔 테슬라 인버스 ETP… 투자 주의보,2025-08-18
1102,"“쭉쭉 오르더니 뚝뚝 떨어졌다”…숨고르기 들어간 방산주, 전망 알아보니",2025-08-19
1103,日·中·대만 증시 최고가 찍는데… 코스피는 '뒷걸음' [맥못추는 증시],2025-08-19
1104,할 수 있을 때 바짝… 코스닥 상장사들 유상증자 '봇물',2025-08-19
1105,한국거래소 맞먹는 넥스트레이드 … 개미 보호는 뒷전,2025-08-19
1106,"‘양치기 소년’ 오명 쓴 펄어비스, 게임스컴으로 반등할까[주톡피아]",2025-08-19
1107,AI 비서가 ‘코인’으로 물건 사는 시대 온다는데…전통적 결제 시스템 위기인가 [투자360],2025-08-19
1108,배터리주 회복에 공매도 '주춤',2025-08-19
1109,조선 끌고 석유 밀고…3분기 실적전망 '맑음',2025-08-19
1110,실적 충격에 주도주 전멸까지…외국인 순매수 4개월 만에 돌아서나,2025-08-19
1111,"LG전자 손자회사 알폰소 ""1조弗 커넥티드TV 시장 선도…나스닥 상장 추진""",2025-08-19
1112,"살인자o난감, 3년 만에 제작비 공개…""000억""",2025-08-19
1113,ETF 경쟁 격화에도…자산운용사들 '웃음꽃',2025-08-19
1114,"SKS PE, 美블룸에너지서 두 배 차익",2025-08-19
1115,미국주식 보관금액 191兆 돌파…올해 탑픽은 'ETF',2025-08-19
1116,박스피 피난처 된 파킹형 ETF...한달간 1.2조 몰려,2025-08-19
1117,中 3대 지수는 연중 최고 기록 쓰는데 경제는 ‘기우뚱’…왜? [투자360],2025-08-19
1118,뉴욕증시에 스팩 열풍 다시…3년만에 돌아오는 ‘스팩킹’,2025-08-19
1119,인텔 부활하나…美 정부 이어 소프트뱅크도 '지원사격',2025-08-19
1120,SNS 보고 투자했더니 주가 폭락…나스닥 '中 소형주 주의보',2025-08-19
1121,"""미·러·우 3자회담 기대""…재건株 오르고 방산株 내리고[핫종목]",2025-08-19
1122,"“과열된 AI투자, 닷컴 버블때 같다”…챗GPT 아버지 발언에 세계 증시 쇼크",2025-08-20
1123,유럽 원전 포기 대가로 미국 시장 진출?…'웨스팅하우스 계약' 논란,2025-08-20
1124,‘어닝 쇼크’에도 오르네…“하반기 실적 기대감이 투심 자극”,2025-08-20
1125,韓美 경제정책 동시 변화 시그널…금리인하·산업정책 투자 이중변수 ‘주목’ [투자360],2025-08-20
1126,보령ING터미널 숏리스트에 맥쿼리·IMM·노앤·CDPQ 등 곳 선정[시그널],2025-08-20
1127,10대 증권사 체질개선 '결실'… 상반기 순익 4조 돌파,2025-08-20
1128,서학개미 '변동성'에 울고… 일학개미 '신고가'에 웃고,2025-08-20
1129,'잭슨홀 미팅' 앞두고 고배당·가치주 주목,2025-08-20
1130,"""스테이블코인, 제품구매 결제 등 활용방안 찾아야""",2025-08-20
1131,올트먼發 'AI 버블 쇼크' 단기에 그칠까,2025-08-20
1132,신영 '브라이튼 여의도' 배당이익 담보대출 500억 상환 완료,2025-08-20
1133,IPO 자금도 스테이블코인으로 받는 美,2025-08-20
1134,26개 종목 빠졌는데…ATS 거래량은 되레 늘었다,2025-08-20
1135,"해외 주식 ETF, 수익률 상위 점령…국내 주식형은 'K팝'만 생존",2025-08-20
1136,절반은 거래량 100건 미만… ETN ‘괴리율’ 주의보,2025-08-20
1137,AI거품론에 금리인하도 불확실…호재가 없다,2025-08-20
1138,“증시 버팀목 사라졌다”…4개월 만에 등돌린 외국인,2025-08-20
1139,코스피 끌던 'AI·방산·원전' 휘청…상승동력이 없다,2025-08-20
1140,"[단독]엔시트론, 삼성 임직원식 납품 '고동경양' 품어",2025-08-20
1141,"‘삼천피’ 붕괴 걱정까지 해야하나…코스피, AI·원전주 약세에 장중 3100선 붕괴 [투자360]",2025-08-20
1142,아직 한발 남았다… 이차전지주 쓸어담는 기관,2025-08-21
1143,"제약사 손잡은 바이오텍, 상반기 실적 ‘날개’",2025-08-21
1144,"""3100선 횡보장? 더 떨어질지도"" 방어형ETF에 개미 뭉칫돈 몰려",2025-08-21
1145,올트먼 이어 MIT 가세…연일 'AI 버블' 논란,2025-08-21
1146,"인텔이 포기한 유리기판에 '우르르'…장비업계, 이대로 괜찮나",2025-08-21
1147,두자릿수 신입 vs 감원…증권사 채용 초양극화,2025-08-21
1148,[단독]퇴직연금 들라면서 자사엔 일시불…유안타의 모순,2025-08-21
1149,액티브ETF 질주…변동성 장세서 돈 몰린다,2025-08-21
1150,"서클, 韓 가상자산 기업 투자…거래소·금융권 면담",2025-08-21
1151,"국내선 웃은 한국투자증권, 해외선 울었다… 미래에셋證과 격차 뚜렷",2025-08-21
1152,‘주주환원 공시’ 했는데 실상은 적자…밸류업 확산 '시험대',2025-08-21
1153,"""차라리 삼성전자·하이닉스 둘 다 담을걸""…개미들 '후회막심'",2025-08-21
1154,"넥스트레이드, ‘거래 중지’ 둘째 날엔 진정세…실효성 논란은 여전",2025-08-21
1155,"오르는 카카오, 내리는 네이버…큰손이 가른 '플랫폼 빅2' 희비",2025-08-21
1156,"흔들리는 M7…""마이크론·씨게이트 주목""",2025-08-21
1157,AI 거품론에도…개미들은 “美 기술주 ETF 더 사자”,2025-08-21
1158,희비 갈린 네카오 주가…외국인·기관 수급도 한 쪽에 몰렸다,2025-08-21
1159,"기관 '줍줍'에 원전株 반등…두산에너빌리티, 7%↑[핫종목]",2025-08-21
1160,코스피 저가 매수세에 4거래일만에 ‘상승’…기관 대거 매수 [투자360],2025-08-21
1161,'AI 거품론' 재점화…올트먼·MIT 보고서 연타에 주가 '풀썩',2025-08-21
1162,"""시장은 미국산 스테이블코인 원해"" 테더 저격한 서클 사장의 자신감",2025-08-22
1163,AI와 인간의 장점만 쏙…'켄타우로스 펀드' 뜬다[S머니+],2025-08-22
1164,AI 더하니 수익률 껑충…퇴직연금 시장 지각변동[S머니+],2025-08-22
1165,월 분배금에 비과세 혜택까지…올 순자산 20배 넘게 폭등[ETF줌인],2025-08-22
1166,무상증자 택한 코스닥 상장사들…하락장서 곤두박질,2025-08-22
1167,증시 무관심·차명 투기에 무너지는 '오천피 공약' [View&Insight],2025-08-22
1168,"저가매수·한미정상회담 기대에 외인·기관 ‘쌍끌이’…이틀 연속 상승한 코스피, 파월의 ‘입’에 초긴장 [투자360]",2025-08-22
1169,"외국인 던진 원전·금융, 개미·기관이 받았다",2025-08-22
1170,"6%대 뛴 LS일렉·HD현대일렉, 관세 우려 떨쳐낸 전력기기株",2025-08-22
1171,빅테크보다 더 빠진 ‘가상자산株’…급락장에도 풀매수 ‘간 큰’ 서학개미들[투자360],2025-08-22
1172,"""이건 거품이야"" AI 버블 경고에 빅테크 흔들…월가 전망은?",2025-08-22
1173,"코스피, 한미정상회담 기대감에 연이틀 상승…외인·기관 '사자'",2025-08-22
1174,"""가격 싸졌다"" 이 주식 쓸어 담더니 찐반등?…오늘 밤 '파월 입' 주목",2025-08-22
1175,투자수익 얻고 절세까지…일석이조 가능한 美상장 원전ETF,2025-08-22
1176,우라늄 기업 담은 NLR … 50개 종목 분산한 NUKZ,2025-08-22
1177,"코스피, 저가매수·한미정상회담 기대에 이틀 연속 상승(종합)",2025-08-22
1178,나스닥·코스피 '멈칫'… 유럽 ETF 수익률은 '쑥',2025-08-22
1179,‘9만전자’ 시대 다시 돌아오나…SK하이닉스 팔고 삼전 담는 외인,2025-08-22
1180,"코스피, 올해 고점 찍었나…한화투자증권 “연말까지 소강 전망”",2025-08-22
1181,"코스피, 이틀 연속 오르며 3160선 회복…조선·방산·원전 '반등'",2025-08-22
1182,올들어 260% 폭등…라부부·크라이베이비 열풍에 주가도 ‘들썩’,2025-08-25
1183,"에이피알·SAMG엔터, 대형주 승격 임박",2025-08-25
1184,"IMM크레딧, SNT그룹 신고가 행렬에 ‘함박웃음’",2025-08-25
1185,"""공개매수 한다더니 상폐 종목?""…토스증권, 황당한 공지 오류",2025-08-25
1186,국장서 등돌리는 외국인…뭐 던졌나 보니[주톡피아],2025-08-25
1187,"“삼성 합병에 세금 손실""…국민연금 책임자 사면 후폭풍[마켓인]",2025-08-25
1188,진격의 이더리움…넷플릭스 시총 넘었다,2025-08-25
1189,"너도나도 알트코인 ""사자"" 두나무 올해 최고가 찍어",2025-08-25
1190,“하청노동자 불법파업해도 제재수단 없다? 그럴거면 로봇 사지” ··· 노란봉투법 통과에 로봇주 ‘강세’,2025-08-25
1191,"KB증권, 막판에 라이선스 따냈다…투자풀 진출 '청신호'",2025-08-25
1192,힘빠졌던 홍콩까지 好好…파죽지세 中증시,2025-08-25
1193,개미들 발빠른 '갈아타기' 곱버스 팔고 상승장 베팅,2025-08-25
1194,巨與 다음은 자사주 의무 소각…SK 5000억 稅폭탄 맞나,2025-08-25
1195,'노란봉투법' 반사이익…로봇·자동화株 급등 [이런국장 저런주식],2025-08-25
1196,'파죽지세' 이더리움…그 뒤에 스테이블코인 있다,2025-08-25
1197,"연금 선진국 합류, 수익률 개선이 관건[투자의 창]",2025-08-25
1198,"미래에셋그룹, 고객자산 1000조 넘었다",2025-08-25
1199,"CB 투자자 달래기용 '리픽싱' 속출…""공매도 세력만 배불려""",2025-08-25
1200,연기금 싹쓸이 2차전지株 하반기 반등 기대감 '충전',2025-08-25
1201,사람 대신 웃은 로봇…'노란봉투법' 올라 타고 상한가 찍었다,2025-08-25
1202,"덜오른 제약·바이오주, 기관·외국인 산다",2025-08-26
1203,"조선·원전 등 6대 전략산업, 한미 협력 수혜주 뜬다",2025-08-26
1204,잭슨홀 전후로 엇갈린 ETF 자금…韓 증시 ‘위축’·美 ‘중소형주 랠리’ [투자360],2025-08-26
1205,"트럼프 ""전략적 유연성 확대"" 언급… '조·방·원' 모멘텀 이어갈까",2025-08-26
1206,"""중국 투자는 'TIGER ETF'""…中 증시 강세장 속 '두각'",2025-08-26
1207,11만弗 깨진 비트코인…크립토 시장 '우수수',2025-08-26
1208,"모나미 상한가, 조선주 약세…한미 정상회담에 출렁인 주가",2025-08-26
1209,'마스가'에도 조선株 내리고…로봇株는 상승,2025-08-26
1210,"트럼프 ""나이스 펜"" 칭찬에…모나미 상한가",2025-08-26
1211,"[단독] 키움운용, 손익통산 활용한 ETF 출시…""한미 주식 동시 투자로 절세""",2025-08-26
1212,산재 근절·노봉법 규제 2연타에 내수 건설株 ‘위태’…현대건설만 투자 안전지대로 [투자360],2025-08-26
1213,주주환원 따라해도…日 증시 못 따라가는 코스피,2025-08-26
1214,한·미 정상회담 기대감 소멸…이제 금리의 시간,2025-08-26
1215,"석화업계, 연내 만기 차입금 2.5조 차환 부담",2025-08-26
1216,모멘텀 사라진 증시…'단기 호재株'만 들썩,2025-08-26
1217,박스피 증세에 연일 늘어가는 공매도… 대부분이 외국인,2025-08-26
1218,크립토 블랙 먼데이…가상자산부터 관련주까지 ‘우수수’,2025-08-26
1219,청년층 두 번 울리는 연금계좌 세제개편안,2025-08-26
1220,"‘풍전등화 기업’ 샀던 사모펀드, 내실 다지기 ‘착착’",2025-08-26
1221,"강은표 KB운용 팀장 “거버넌스 개혁, 韓증시 재평가 열쇠…주주환원 확대 종목 관심 가져야”",2025-08-26
1222,"코스피 '나홀로 후진'…""고점 지났다"" vs ""가을 반등""[주톡피아]",2025-08-27
1223,"AI 버블 분수령, 엔비디아 실적에 달렸다…하반기 옥석 가리기 본격화",2025-08-27
1224,중화권 증시 고공행진에 '차이나 ETF'도 함박웃음,2025-08-27
1225,투자 몰리는 베트남ETF … 연일 신고가,2025-08-27
1226,트럼프 일가의 픽 … 코인 크로노스 급등,2025-08-27
1227,한국 70조 선물보따리 보잉관련株 일제히 쑥,2025-08-27
1228,한달새 주가 2배 …'중국판 엔비디아' 더 갈까,2025-08-27
1229,중학개미 신바람…5개월만에 ‘사자’ 행렬,2025-08-27
1230,중국 날고 철강·구리 기고…ETF 성적표 ‘희비’,2025-08-27
1231,"PC논란 커지자…크래커배럴, 옛 로고로 '유턴'",2025-08-27
1232,"HD현대 계열사, 현대중공업·미포조선 합병에 동반 급등 마감",2025-08-27
1233,"""지금이 싸게 살 기회""…9월 앞두고 기대감 폭발한 종목",2025-08-27
1234,트럼프 ‘연준 흔들기’ 직격탄…환율 1390원 초반 출렁 [투자360],2025-08-27
1235,따끈해진 제약바이오주… SK바이오팜 '기대감'[체크!코스피],2025-08-27
1236,미국에 50억달러 추가 베팅한 현대차…로봇 투자 전망 밝아진 이유는? [종목Pick],2025-08-27
1237,"'겹호재'에 조선주 급등…HD현대중공업·HD현대미포, 역대 최고가[핫종목]",2025-08-27
1238,"대한항공, 70조원 승부수…세계 초대형 항공사 반열 오를까 [종목Pick]",2025-08-27
1239,트럼프가 아무리 때려도 태양광이 꺼지지 않는 이유는 바로 ‘OOO’ [투자360],2025-08-27
1240,돈의 값어치가 떨어지는 시대[투자의 창],2025-08-27
1241,조선株 하루 만에 반등…하반기도 ‘뱃고동’ 울릴까,2025-08-27
1242,삼성전자 ‘울고’ SK하이닉스 ‘웃고’…엔비디아 실적에 반도체주 온도차,2025-08-28
1243,"""드디어 中 가나 했더니"" 또 무산…개미들 '비명' 터졌다 [이슈+]",2025-08-28
1244,AI 기업 IPO 잇단 출격…노타로 시작된 VC 회수 모멘텀[마켓인],2025-08-28
1245,올해 벌써 6번째…사모펀드 ‘릴레이 세무조사’ 다음 타자는[마켓인],2025-08-28
1246,"한기평 ""SK그룹 신용도, 배터리 수익성 회복에 달려""",2025-08-28
1247,여기서도 피 튀기는 배달전쟁…‘중국판 배민’ 하루새 주가 10% 급락,2025-08-28
1248,"퇴직연금, 원금보장·수익률 두 마리 토끼 잡는 방법[스페셜리포트]",2025-08-28
1249,가물치 금감원[기자의 눈],2025-08-28
1250,"""상상도 못한 일 벌어졌다""…개미 놀래킨 '모나미' 해프닝[주톡피아]",2025-08-28
1251,"한기평 ""포스코그룹, '업황·투자·관세' 삼중고 직면""",2025-08-28
1252,코스피 투자 열기 식어간다… 거래량 한달새 34% '뚝',2025-08-28
1253,피 튀기는 할인쿠폰 전쟁에 …'중국판 배민' 주가 급락,2025-08-28
1254,커버드콜 ETF 열풍의 민낯…고배당 챙기느라 주가수익 놓쳐,2025-08-28
1255,"조선 합병에 엇갈린 주가 … 지주사 순항, 자회사 주춤",2025-08-28
1256,"최대 실적 엔비디아, 中 리스크에 주가 털썩",2025-08-28
1257,‘중국 테크’ 주목하는 운용사… 올해 상장 ETF만 10개,2025-08-28
1258,9월 IPO 단 3곳…케이뱅크도 연내 상장 불투명 [IPO톡톡],2025-08-28
1259,“일본 증시 랠리 이어진다”…내수 모멘텀·외국인 매수세 ‘쌍끌이’ [투자360],2025-08-28
1260,3차 상법개정 강행 움직임에…자사주 의무소각 수혜주 뜬다,2025-08-28
1261,자회사 합병에 HD한국조선해양 이틀째 강세,2025-08-28
1262,"외국인, 석달 만에 순매도…삼성전자 1.2조 원 팔았다 [마켓시그널]",2025-08-29
1263,"""지금 사두면 돈 번다""…흔들린 엔터주 오히려 기회?[주톡피아]",2025-08-29
1264,"에이비엘, 인투셀…기술반환 두달만에 한 자리에 회동",2025-08-29
1265,사외이사 증여·퇴직임원 보상…'자사주 털기' 총력전,2025-08-29
1266,방산·원전·금융株 줄줄이 약세로…눈물의 8월,2025-08-29
1267,"""신라면 1분 만에 동났다""…케데헌 열풍에 주가 '급반전' [종목+]",2025-08-29
1268,워런 버핏 따라 샀더니…서학개미 '함박웃음',2025-08-29
1269,코스피 3180대 약세 마감…외인 나흘째 순매도 행보 [투자360],2025-08-29
1270,"미래에셋증권, 지투지바이오 지분 투자로 ‘잭팟’ [IPO 브리핑]",2025-08-29
1271,"금요일 정규장 끝나고… 젬백스, 주주배정 유증 발표에 애프터마켓서 주가 급락",2025-08-29
1272,“3차 상법 개정 전 막차”… 자사주 EB 발행 ‘봇물’,2025-08-29
1273,"SK가 찜한 유일로보틱스, 인천 남동공장 매각하고 청라시대 연다",2025-08-29
1274,문 여는 KRX 조각투자 플랫폼…1호 상장 상품은?,2025-08-29
1275,"서재연 미래에셋증권 상무 ""압구정 부자들의 투자트렌드도 달라졌죠""",2025-08-29
1276,"""AI 붐 계속된다""…반도체 소부장株 강세[핫종목]",2025-08-29
1277,"'로봇' 다음은 '반도체'… ""AI거품론, 상승기회로"" [미다스의 손]",2025-08-29
1278,“카카오 진짜 어떡하나”…김범수 징역 15년 구형에 낙폭 확대[이런국장 저런주식],2025-08-29
1279,"신영부동산신탁, 4兆 해운대 대우마리나1·2차 재건축 참여 의사?",2025-08-29
1280,모멘텀 실종된 코스피 3200선 밑으로…3186.01 마감,2025-08-29
1281,로보티즈 기습 유증에 급락… 증권가는 ‘오를 것’,2025-08-29
1282,美규제·中탈 엔비디아에 국내 반도체주 ‘흔들’…저가매수 기회[주톡피아],2025-09-01
1283,9월 코스피 3000~3400 예상… 美 금리인하 주목,2025-09-01
1284,[단독] “美주식 교환은 양도…로켓랩 신주에 과세”,2025-09-01
1285,"美 증시, 또다시 ‘9월 저주’ 시험대…서학개미 ‘저가매수’ 기회될까 [투자360]",2025-09-01
1286,기관·외국인 배당일에 단타 … 레버리지·곱버스 거래 급감[박스피 장세 2가지 모습],2025-09-01
1287,알리바바 AI 쇼크에 美규제까지…삼전·하이닉스 급락,2025-09-01
1288,잇단 글로벌 악재에…K반도체 투톱 휘청,2025-09-01
1289,"""누가 넘버 2래"" 대세로 뜨는 이더리움",2025-09-01
1290,계절적 약세 구간 9월…'박스피' 돌파 전략은,2025-09-01
1291,'네카오' 선두 스테이블코인…거래소 잡아라,2025-09-01
1292,"반도체株, 겹악재에 울고…조선株는 마스가에 웃었다",2025-09-01
1293,"""손절합니다"" 900억 팔아치우더니…돈 싸들고 몰린 곳이",2025-09-01
1294,실적 개선株 사들이는 外人…티에이치엔·STX엔진 '줍줍',2025-09-01
1295,"한승재 DB證 연구원, '대한유화' 8월 넷 째주 주간 수익률 1위",2025-09-01
1296,외국인 넉달 만에 순매도세…삼성전자 팔고 이 '종목' 쓸어담았다,2025-09-01
1297,"넥스트레이드 ""거래중지 반복 가능성""…금융당국 ""개선안 논의""",2025-09-01
1298,"이억원 금융위원장 후보 ""토큰증권은 환영… 암호화폐 규제 고수""",2025-09-01
1299,중국 증시 ‘느린 황소장’ 본격화…딥시크·AI 국산화에 탄력 [투자360],2025-09-01
1300,지리한 박스권에 갇힌 코스피…9월 반등 모멘텀은 ‘OOO’? [투자360],2025-09-01
1301,노란봉투법 후폭풍…조선·석화·철강 ‘노조 리스크’ 확산 [투자360],2025-09-01
1302,"'실세 이찬진' 우려에 선 그은 이억원 ""금융정책, 금융위 소관""(종합)",2025-09-02
1303,"‘유심 해킹’ SKT, 3분기 실적 '경고등'…증권가선 '매수 적기'[주톡피아]",2025-09-02
1304,"""피곤해서 주식 못 하겠네""…일하다가도, 밥 먹다가도 눈은 시세창에?",2025-09-02
1305,석화'숨은 빚' 23조... 절반은 내년이 만기[석화 '숨은 빚' 23조],2025-09-02
1306,"개인은 삼성전자, 기관은 SK하이닉스 샀다",2025-09-02
1307,"""코스피 연말 3500 가겠지""… '빚투' 22조 넘었다",2025-09-02
1308,"“고의 상폐 의혹” 엑세스바이오, 소액주주들 행동주의 나선다",2025-09-02
1309,"부실기업, 퇴출 시간끌기…상폐 '가처분 꼼수' 급증",2025-09-02
1310,주식거래 연장 놓고 중소형 vs 대형사 동상이몽,2025-09-02
1311,증권사 '100조 벌크업'…은행·PEF 제치고 기업에 수조원씩 '베팅',2025-09-02
1312,160% 고배당 현혹…코인주 ETF 수익은 반토막,2025-09-02
1313,"이억원, 사외이사·갭투자 논란에 금융위 해체설까지…청문회 파상공세(종합)",2025-09-02
1314,금보다 더 오른 金 채굴 ETF…총보수 확 낮춘다,2025-09-02
1315,"회생안 제출 난항 겪는 홈플, 공개매각 나서나",2025-09-02
1316,"[단독] 박스피에 지친 국내 슈퍼리치, 美가상자산 관련주로 눈 돌렸다",2025-09-02
1317,'수수료 0' 효과…해외주식 강자된 메리츠證,2025-09-02
1318,"외신 ""韓개미들, 테슬라 버리고 '여기'로 갔다""…역대급 '매도'",2025-09-02
1319,"'코로나 수혜주' 엑세스바이오, 팜젠 고의 상폐 의혹 '증폭'",2025-09-02
1320,"""外人 집중매수 종목 투자 주의""",2025-09-02
1321,"국민연금, HD현대 팔고 삼양식품 비중 늘렸다",2025-09-02
1322,‘아이폰17 공개’ 앞두고 애플 부품株 강세…폴더블 기대감도 부각[주톡피아],2025-09-03
1323,반짝 반등에 '우르르' 차익실현… 조선·방산 ETF 자금 썰물,2025-09-03
1324,두산에너빌리티가 글로벌AI 관련주?… 이름값 못하는 액티브 ETF,2025-09-03
1325,거래 정지인데 무더기 체결 … 한국거래소·NXT는 '네 탓',2025-09-03
1326,"김 빠진 밸류업, 시들해진 증권株",2025-09-03
1327,'9월의 저주' 또 오나 … 떨고있는 서학개미,2025-09-03
1328,국내 코인 투자자 1000만명 …'금가분리' 완화해야 경쟁력 살아나,2025-09-03
1329,"여행·호텔 '들썩' 이유가…""中관광객 몰려온다""",2025-09-03
1330,"[단독] “거래정지 종목인데 수천억씩 매매, 말이 되나”...거래소 2곳은 서로 남탓",2025-09-03
1331,정리매매 중 이화전기 183% 폭등…투기성 거래 의혹 ↑ [이런국장 저런주식],2025-09-03
1332,'15%룰' 두 달간 유예…대체거래소 숨통,2025-09-03
1333,"""반등할 줄 알았는데""…2차전지 ETF 쇼크",2025-09-03
1334,한 달 새 12% 뛴 베트남 증시…'월남개미' 급증,2025-09-03
1335,"박스피에 지친 투자자, 채권형 공모펀드 4조 몰렸다 [마켓시그널]",2025-09-03
1336,車부품 '터줏대감'마저 美관세 쇼크…1년새 영업익 37% 줄어,2025-09-03
1337,“6만원선 깨졌다”…‘네카오’ 주가 향방 OO에 달렸다,2025-09-03
1338,카카오 6거래일째 하락 마감…카카오페이 2개월 만에 '반토막'[핫종목],2025-09-03
1339,빚도 못 갚는데 주가 4배 급등…동전株 투자 '빨간불',2025-09-03
1340,"‘9월 약세장’ 갇힌 韓美 증시서 활로는?…“실적 모멘텀은 미국, 배당 매력은 한국” [투자360]",2025-09-03
1341,젠슨 황·샘 올트먼도 뛰어들었다! 제2의 템퍼스AI 될 '이 기업' [투자 일기예보],2025-09-03
1342,돈 없다더니 주차장에 롤스로이스…133만 명 체납자 다 찾아간다,2025-09-04
1343,"포르쉐의 굴욕, 獨우량주 지수서 퇴출",2025-09-04
1344,남아돈다더니 '심리 저지선' 넘은 쌀값…일본 꼴 날라 비상,2025-09-04
1345,“GP가 운용한건데”…출자자까지 흔드는 SM엔터 주가조작 사건,2025-09-04
1346,'용산철도병원 주거복합 개발' 내년 하반기 착공…대출 만기 1년 연장,2025-09-04
1347,"[단독] KB운용, 신라스테이 서대문 품는다",2025-09-04
1348,"연기금투자풀 첫 벤처 출자…""세컨더리 갈증 푸나""[마켓인]",2025-09-04
1349,'세제개편 실망감' 회복 안되는 증시… 거래량 두달새 30% 뚝,2025-09-04
1350,공매도 타깃 된 카카오페이… 개미들 '비명',2025-09-04
1351,"""포르쉐 아웃""…럭셔리카 '퇴출' 굴욕",2025-09-04
1352,"""너무 뜨겁네""...中정부, 증시 과열에 공매도 재개 만지작",2025-09-04
1353,알트코인 주춤 … 한풀 꺾인 K코인 시장,2025-09-04
1354,"리플, 테더 넘어 시총3위 탈환",2025-09-04
1355,"""석화 재편에 대기업 우량자산 매물 나올것""[IB명가에 듣는다]",2025-09-04
1356,"[단독]유진투자증권, NXT 메인마켓 참여 작업 중 전산사고",2025-09-04
1357,구글이 소송 이겼는데 … 덩달아 주가 뛴 애플 왜?,2025-09-04
1358,"""박스피 탈출구 찾아라"" K뷰티에 몰린 '단타'",2025-09-04
1359,"맥쿼리, 한미반도체 목표가 17만→9만 원 하향… 산업內 경쟁·美 규제 ‘이중고’",2025-09-04
1360,"[단독]  ""눈 뜨자마자 주식 거래"" 오전 7시 프리마켓 추진",2025-09-04
1361,"[단독] 해외주식 보관액 첫 200조원 넘었다…서학개미, 박스피에 국장 탈출 심화",2025-09-04
1362,사상 최고 금값에…‘미니금’도 들썩,2025-09-05
1363,"""성과급 1억이라더니""…호재 만발에 주가도 '쑥'",2025-09-05
1364,"금광 ETF, 금값보다 3배 더 올랐다…채굴주 ETF 수익률 ‘고공 행진’",2025-09-05
1365,힘못쓰는 '트럼프家 코인' WLFI 나흘만에 60% 뚝,2025-09-05
1366,팬데믹 후 체질 바꾼 바이오주…코스닥 시총 상위 20개 중 12개,2025-09-05
1367,'중국이 웃돈까지 주고 사간다'…이례적 현상에 '잭팟',2025-09-05
1368,"대명소노 긴급자금 수혈에…티웨이항공, 주가 바닥 다지나",2025-09-05
1369,"李대통령 ""국장 복귀는 지능순""이라고 했는데…서학개미는 '2조' 더 샀다",2025-09-05
1370,'9월엔 금리 내린다' S&P500 사상 최고… 서학개미도 '사자',2025-09-05
1371,장중 신고가 경신한 삼성전기…AI發 수혜에 목표가 ↑ [줍줍 리포트],2025-09-05
1372,美 고용보고서 경계심에 코스피 제한적 상승…3205.12에 장 마감 [투자360],2025-09-05
1373,"""조각투자 장외거래소 온다""…STO 거래 무엇",2025-09-05
1374,"HMM, 포스코그룹 인수설에 2% 상승 마감…포스코홀딩스는 약세[핫종목]",2025-09-05
1375,금리 인하 기대감에 바이오株 ‘방긋’[마켓뷰],2025-09-05
1376,"코스피, 순환매 장세 속 강보합 마감…3200선 사수",2025-09-05
1377,캠브리콘이 쏘아올린 中증시…살까말까 고민 된다면 [미다스의 손],2025-09-05
1378,"[속보] 3,200선 지킨 코스피…SK하이닉스 3% ↑",2025-09-05
1379,"""성과급 화끈하게 주더니""...'D램 왕좌' 굳힌 SK하이닉스, 주가도 '상승'",2025-09-05
1380,주식 양도세 대주주 기준 “50억” 47% “10억” 27%[한국갤럽],2025-09-05
1381,"포스코, HMM 인수 나섰지만…증권가 “시너지 불투명”",2025-09-05
